-- --------------------------------------------------------
-- Host:                         127.0.0.1
-- Server version:               8.0.30 - MySQL Community Server - GPL
-- Server OS:                    Win64
-- HeidiSQL Version:             12.1.0.6537
-- --------------------------------------------------------

/*!40101 SET @OLD_CHARACTER_SET_CLIENT=@@CHARACTER_SET_CLIENT */;
/*!40101 SET NAMES utf8 */;
/*!50503 SET NAMES utf8mb4 */;
/*!40103 SET @OLD_TIME_ZONE=@@TIME_ZONE */;
/*!40103 SET TIME_ZONE='+00:00' */;
/*!40014 SET @OLD_FOREIGN_KEY_CHECKS=@@FOREIGN_KEY_CHECKS, FOREIGN_KEY_CHECKS=0 */;
/*!40101 SET @OLD_SQL_MODE=@@SQL_MODE, SQL_MODE='NO_AUTO_VALUE_ON_ZERO' */;
/*!40111 SET @OLD_SQL_NOTES=@@SQL_NOTES, SQL_NOTES=0 */;

-- Dumping structure for table ghorer_menu.areas
CREATE TABLE IF NOT EXISTS `areas` (
  `id` bigint unsigned NOT NULL DEFAULT '0',
  `name` varchar(100) NOT NULL,
  `bn_name` varchar(100) DEFAULT NULL,
  `division_id` int unsigned NOT NULL,
  `district_id` int unsigned NOT NULL,
  `photo` varchar(255) DEFAULT NULL,
  `status` enum('Active','Inactive') DEFAULT 'Active',
  `created_by` int unsigned DEFAULT NULL,
  `updated_by` int unsigned DEFAULT NULL,
  `deleted_by` int unsigned DEFAULT NULL,
  `created_at` datetime DEFAULT NULL,
  `updated_at` datetime DEFAULT NULL,
  `deleted_at` datetime DEFAULT NULL,
  PRIMARY KEY (`id`)
) ENGINE=InnoDB DEFAULT CHARSET=utf8mb4 COLLATE=utf8mb4_0900_ai_ci;

-- Dumping data for table ghorer_menu.areas: ~626 rows (approximately)
INSERT INTO `areas` (`id`, `name`, `bn_name`, `division_id`, `district_id`, `photo`, `status`, `created_by`, `updated_by`, `deleted_by`, `created_at`, `updated_at`, `deleted_at`) VALUES
	(1, 'Amtali', 'আমতলী', 1, 34, '1', 'Active', NULL, NULL, NULL, NULL, NULL, NULL),
	(2, 'Bamna', 'বামনা', 1, 34, '1', 'Active', NULL, NULL, NULL, NULL, NULL, NULL),
	(3, 'Barguna Sadar', 'বরগুনা সদর', 1, 34, '1', 'Active', NULL, NULL, NULL, NULL, NULL, NULL),
	(4, 'Betagi', 'বেতাগি', 1, 34, '1', 'Active', NULL, NULL, NULL, NULL, NULL, NULL),
	(5, 'Patharghata', 'পাথরঘাটা', 1, 34, '1', 'Active', NULL, NULL, NULL, NULL, NULL, NULL),
	(6, 'Taltali', 'তালতলী', 1, 34, '1', 'Active', NULL, NULL, NULL, NULL, NULL, NULL),
	(7, 'Muladi', 'মুলাদি', 1, 35, '1', 'Active', NULL, NULL, NULL, NULL, NULL, NULL),
	(8, 'Babuganj', 'বাবুগঞ্জ', 1, 35, '1', 'Active', NULL, NULL, NULL, NULL, NULL, NULL),
	(9, 'Agailjhara', 'আগাইলঝরা', 1, 35, '1', 'Active', NULL, NULL, NULL, NULL, NULL, NULL),
	(10, 'Barisal Sadar', 'বরিশাল সদর', 1, 35, '1', 'Active', NULL, NULL, NULL, NULL, NULL, NULL),
	(11, 'Bakerganj', 'বাকেরগঞ্জ', 1, 35, '1', 'Active', NULL, NULL, NULL, NULL, NULL, NULL),
	(12, 'Banaripara', 'বানাড়িপারা', 1, 35, '1', 'Active', NULL, NULL, NULL, NULL, NULL, NULL),
	(13, 'Gaurnadi', 'গৌরনদী', 1, 35, '1', 'Active', NULL, NULL, NULL, NULL, NULL, NULL),
	(14, 'Hizla', 'হিজলা', 1, 35, '1', 'Active', NULL, NULL, NULL, NULL, NULL, NULL),
	(15, 'Mehendiganj', 'মেহেদিগঞ্জ', 1, 35, '1', 'Active', NULL, NULL, NULL, NULL, NULL, NULL),
	(16, 'Wazirpur', 'উজিরপুর', 1, 35, '1', 'Active', NULL, NULL, NULL, NULL, NULL, NULL),
	(17, 'Bhola Sadar', 'ভোলা সদর', 1, 36, '1', 'Active', NULL, NULL, NULL, NULL, NULL, NULL),
	(18, 'Burhanuddin', 'বুরহানউদ্দিন', 1, 36, '1', 'Active', NULL, NULL, NULL, NULL, NULL, NULL),
	(19, 'Char Fasson', 'চর ফ্যাশন', 1, 36, '1', 'Active', NULL, NULL, NULL, NULL, NULL, NULL),
	(20, 'Daulatkhan', 'দৌলতখান', 1, 36, '1', 'Active', NULL, NULL, NULL, NULL, NULL, NULL),
	(21, 'Lalmohan', 'লালমোহন', 1, 36, '1', 'Active', NULL, NULL, NULL, NULL, NULL, NULL),
	(22, 'Manpura', 'মনপুরা', 1, 36, '1', 'Active', NULL, NULL, NULL, NULL, NULL, NULL),
	(23, 'Tazumuddin', 'তাজুমুদ্দিন', 1, 36, '1', 'Active', NULL, NULL, NULL, NULL, NULL, NULL),
	(24, 'Jhalokati Sadar', 'ঝালকাঠি সদর', 1, 37, '1', 'Active', NULL, NULL, NULL, NULL, NULL, NULL),
	(25, 'Kathalia', 'কাঁঠালিয়া', 1, 37, '1', 'Active', NULL, NULL, NULL, NULL, NULL, NULL),
	(26, 'Nalchity', 'নলচিতি', 1, 37, '1', 'Active', NULL, NULL, NULL, NULL, NULL, NULL),
	(27, 'Rajapur', 'রাজাপুর', 1, 37, '1', 'Active', NULL, NULL, NULL, NULL, NULL, NULL),
	(28, 'Bauphal', 'বাউফল', 1, 38, '1', 'Active', NULL, NULL, NULL, NULL, NULL, NULL),
	(29, 'Dashmina', 'দশমিনা', 1, 38, '1', 'Active', NULL, NULL, NULL, NULL, NULL, NULL),
	(30, 'Galachipa', 'গলাচিপা', 1, 38, '1', 'Active', NULL, NULL, NULL, NULL, NULL, NULL),
	(31, 'Kalapara', 'কলাপারা', 1, 38, '1', 'Active', NULL, NULL, NULL, NULL, NULL, NULL),
	(32, 'Mirzaganj', 'মির্জাগঞ্জ', 1, 38, '1', 'Active', NULL, NULL, NULL, NULL, NULL, NULL),
	(33, 'Patuakhali Sadar', 'পটুয়াখালী সদর', 1, 38, '1', 'Active', NULL, NULL, NULL, NULL, NULL, NULL),
	(34, 'Dumki', 'দুমকি', 1, 38, '1', 'Active', NULL, NULL, NULL, NULL, NULL, NULL),
	(35, 'Rangabali', 'রাঙ্গাবালি', 1, 38, '1', 'Active', NULL, NULL, NULL, NULL, NULL, NULL),
	(36, 'Bhandaria', 'ভাণ্ডারিয়া', 1, 39, '1', 'Active', NULL, NULL, NULL, NULL, NULL, NULL),
	(37, 'Kaukhali', 'কাউখালি', 1, 39, '1', 'Active', NULL, NULL, NULL, NULL, NULL, NULL),
	(38, 'Mathbaria', 'মঠবাড়িয়া', 1, 39, '1', 'Active', NULL, NULL, NULL, NULL, NULL, NULL),
	(39, 'Nazirpur', 'নাজিরপুর', 1, 39, '1', 'Active', NULL, NULL, NULL, NULL, NULL, NULL),
	(40, 'Nesarabad', 'নেসারাবাদ', 1, 39, '1', 'Active', NULL, NULL, NULL, NULL, NULL, NULL),
	(41, 'Pirojpur Sadar', 'পিরোজপুর সদর', 1, 39, '1', 'Active', NULL, NULL, NULL, NULL, NULL, NULL),
	(42, 'Indurkani', 'ইন্দুরকানি', 1, 39, '1', 'Active', NULL, NULL, NULL, NULL, NULL, NULL),
	(43, 'Bandarban Sadar', 'বান্দরবন সদর', 2, 40, '1', 'Active', NULL, NULL, NULL, NULL, NULL, NULL),
	(44, 'Thanchi', 'থানচি', 2, 40, '1', 'Active', NULL, NULL, NULL, NULL, NULL, NULL),
	(45, 'Lama', 'লামা', 2, 40, '1', 'Active', NULL, NULL, NULL, NULL, NULL, NULL),
	(46, 'Naikhongchhari', 'নাইখংছড়ি', 2, 40, '1', 'Active', NULL, NULL, NULL, NULL, NULL, NULL),
	(47, 'Ali kadam', 'আলী কদম', 2, 40, '1', 'Active', NULL, NULL, NULL, NULL, NULL, NULL),
	(48, 'Rowangchari', 'রোয়াংছড়ি', 2, 40, '1', 'Active', NULL, NULL, NULL, NULL, NULL, NULL),
	(49, 'Ruma', 'রুমা', 2, 40, '1', 'Active', NULL, NULL, NULL, NULL, NULL, NULL),
	(50, 'Brahmanbaria Sadar', 'ব্রাহ্মণবাড়িয়া সদর', 2, 41, '1', 'Active', NULL, NULL, NULL, NULL, NULL, NULL),
	(51, 'Ashuganj', 'আশুগঞ্জ', 2, 41, '1', 'Active', NULL, NULL, NULL, NULL, NULL, NULL),
	(52, 'Nasirnagar', 'নাসির নগর', 2, 41, '1', 'Active', NULL, NULL, NULL, NULL, NULL, NULL),
	(53, 'Nabinagar', 'নবীনগর', 2, 41, '1', 'Active', NULL, NULL, NULL, NULL, NULL, NULL),
	(54, 'Sarail', 'সরাইল', 2, 41, '1', 'Active', NULL, NULL, NULL, NULL, NULL, NULL),
	(55, 'Shahbazpur Town', 'শাহবাজপুর টাউন', 2, 41, '1', 'Active', NULL, NULL, NULL, NULL, NULL, NULL),
	(56, 'Kasba', 'কসবা', 2, 41, '1', 'Active', NULL, NULL, NULL, NULL, NULL, NULL),
	(57, 'Akhaura', 'আখাউরা', 2, 41, '1', 'Active', NULL, NULL, NULL, NULL, NULL, NULL),
	(58, 'Bancharampur', 'বাঞ্ছারামপুর', 2, 41, '1', 'Active', NULL, NULL, NULL, NULL, NULL, NULL),
	(59, 'Bijoynagar', 'বিজয় নগর', 2, 41, '1', 'Active', NULL, NULL, NULL, NULL, NULL, NULL),
	(60, 'Chandpur Sadar', 'চাঁদপুর সদর', 2, 42, '1', 'Active', NULL, NULL, NULL, NULL, NULL, NULL),
	(61, 'Faridganj', 'ফরিদগঞ্জ', 2, 42, '1', 'Active', NULL, NULL, NULL, NULL, NULL, NULL),
	(62, 'Haimchar', 'হাইমচর', 2, 42, '1', 'Active', NULL, NULL, NULL, NULL, NULL, NULL),
	(63, 'Haziganj', 'হাজীগঞ্জ', 2, 42, '1', 'Active', NULL, NULL, NULL, NULL, NULL, NULL),
	(64, 'Kachua', 'কচুয়া', 2, 42, '1', 'Active', NULL, NULL, NULL, NULL, NULL, NULL),
	(65, 'Matlab Uttar', 'মতলব উত্তর', 2, 42, '1', 'Active', NULL, NULL, NULL, NULL, NULL, NULL),
	(66, 'Matlab Dakkhin', 'মতলব দক্ষিণ', 2, 42, '1', 'Active', NULL, NULL, NULL, NULL, NULL, NULL),
	(67, 'Shahrasti', 'শাহরাস্তি', 2, 42, '1', 'Active', NULL, NULL, NULL, NULL, NULL, NULL),
	(68, 'Anwara', 'আনোয়ারা', 2, 43, '1', 'Active', NULL, NULL, NULL, NULL, NULL, NULL),
	(69, 'Banshkhali', 'বাশখালি', 2, 43, '1', 'Active', NULL, NULL, NULL, NULL, NULL, NULL),
	(70, 'Boalkhali', 'বোয়ালখালি', 2, 43, '1', 'Active', NULL, NULL, NULL, NULL, NULL, NULL),
	(71, 'Chandanaish', 'চন্দনাইশ', 2, 43, '1', 'Active', NULL, NULL, NULL, NULL, NULL, NULL),
	(72, 'Fatikchhari', 'ফটিকছড়ি', 2, 43, '1', 'Active', NULL, NULL, NULL, NULL, NULL, NULL),
	(73, 'Hathazari', 'হাটহাজারী', 2, 43, '1', 'Active', NULL, NULL, NULL, NULL, NULL, NULL),
	(74, 'Lohagara', 'লোহাগরা', 2, 43, '1', 'Active', NULL, NULL, NULL, NULL, NULL, NULL),
	(75, 'Mirsharai', 'মিরসরাই', 2, 43, '1', 'Active', NULL, NULL, NULL, NULL, NULL, NULL),
	(76, 'Patiya', 'পটিয়া', 2, 43, '1', 'Active', NULL, NULL, NULL, NULL, NULL, NULL),
	(77, 'Rangunia', 'রাঙ্গুনিয়া', 2, 43, '1', 'Active', NULL, NULL, NULL, NULL, NULL, NULL),
	(78, 'Raozan', 'রাউজান', 2, 43, '1', 'Active', NULL, NULL, NULL, NULL, NULL, NULL),
	(79, 'Sandwip', 'সন্দ্বীপ', 2, 43, '1', 'Active', NULL, NULL, NULL, NULL, NULL, NULL),
	(80, 'Satkania', 'সাতকানিয়া', 2, 43, '1', 'Active', NULL, NULL, NULL, NULL, NULL, NULL),
	(81, 'Sitakunda', 'সীতাকুণ্ড', 2, 43, '1', 'Active', NULL, NULL, NULL, NULL, NULL, NULL),
	(82, 'Barura', 'বড়ুরা', 2, 44, '1', 'Active', NULL, NULL, NULL, NULL, NULL, NULL),
	(83, 'Brahmanpara', 'ব্রাহ্মণপাড়া', 2, 44, '1', 'Active', NULL, NULL, NULL, NULL, NULL, NULL),
	(84, 'Burichong', 'বুড়িচং', 2, 44, '1', 'Active', NULL, NULL, NULL, NULL, NULL, NULL),
	(85, 'Chandina', 'চান্দিনা', 2, 44, '1', 'Active', NULL, NULL, NULL, NULL, NULL, NULL),
	(86, 'Chauddagram', 'চৌদ্দগ্রাম', 2, 44, '1', 'Active', NULL, NULL, NULL, NULL, NULL, NULL),
	(87, 'Daudkandi', 'দাউদকান্দি', 2, 44, '1', 'Active', NULL, NULL, NULL, NULL, NULL, NULL),
	(88, 'Debidwar', 'দেবীদ্বার', 2, 44, '1', 'Active', NULL, NULL, NULL, NULL, NULL, NULL),
	(89, 'Homna', 'হোমনা', 2, 44, '1', 'Active', NULL, NULL, NULL, NULL, NULL, NULL),
	(90, 'Comilla Sadar', 'কুমিল্লা সদর', 2, 44, '1', 'Active', NULL, NULL, NULL, NULL, NULL, NULL),
	(91, 'Laksam', 'লাকসাম', 2, 44, '1', 'Active', NULL, NULL, NULL, NULL, NULL, NULL),
	(92, 'Monohorgonj', 'মনোহরগঞ্জ', 2, 44, '1', 'Active', NULL, NULL, NULL, NULL, NULL, NULL),
	(93, 'Meghna', 'মেঘনা', 2, 44, '1', 'Active', NULL, NULL, NULL, NULL, NULL, NULL),
	(94, 'Muradnagar', 'মুরাদনগর', 2, 44, '1', 'Active', NULL, NULL, NULL, NULL, NULL, NULL),
	(95, 'Nangalkot', 'নাঙ্গালকোট', 2, 44, '1', 'Active', NULL, NULL, NULL, NULL, NULL, NULL),
	(96, 'Comilla Sadar South', 'কুমিল্লা সদর দক্ষিণ', 2, 44, '1', 'Active', NULL, NULL, NULL, NULL, NULL, NULL),
	(97, 'Titas', 'তিতাস', 2, 44, '1', 'Active', NULL, NULL, NULL, NULL, NULL, NULL),
	(98, 'Chakaria', 'চকরিয়া', 2, 45, '1', 'Active', NULL, NULL, NULL, NULL, NULL, NULL),
	(99, 'Chakaria', 'চকরিয়া', 2, 45, '1', 'Active', NULL, NULL, NULL, NULL, NULL, NULL),
	(100, 'Cox\'s Bazar Sadar', 'কক্স বাজার সদর', 2, 45, '1', 'Active', NULL, NULL, NULL, NULL, NULL, NULL),
	(101, 'Kutubdia', 'কুতুবদিয়া', 2, 45, '1', 'Active', NULL, NULL, NULL, NULL, NULL, NULL),
	(102, 'Maheshkhali', 'মহেশখালী', 2, 45, '1', 'Active', NULL, NULL, NULL, NULL, NULL, NULL),
	(103, 'Ramu', 'রামু', 2, 45, '1', 'Active', NULL, NULL, NULL, NULL, NULL, NULL),
	(104, 'Teknaf', 'টেকনাফ', 2, 45, '1', 'Active', NULL, NULL, NULL, NULL, NULL, NULL),
	(105, 'Ukhia', 'উখিয়া', 2, 45, '1', 'Active', NULL, NULL, NULL, NULL, NULL, NULL),
	(106, 'Pekua', 'পেকুয়া', 2, 45, '1', 'Active', NULL, NULL, NULL, NULL, NULL, NULL),
	(107, 'Feni Sadar', 'ফেনী সদর', 2, 46, '1', 'Active', NULL, NULL, NULL, NULL, NULL, NULL),
	(108, 'Chagalnaiya', 'ছাগল নাইয়া', 2, 46, '1', 'Active', NULL, NULL, NULL, NULL, NULL, NULL),
	(109, 'Daganbhyan', 'দাগানভিয়া', 2, 46, '1', 'Active', NULL, NULL, NULL, NULL, NULL, NULL),
	(110, 'Parshuram', 'পরশুরাম', 2, 46, '1', 'Active', NULL, NULL, NULL, NULL, NULL, NULL),
	(111, 'Fhulgazi', 'ফুলগাজি', 2, 46, '1', 'Active', NULL, NULL, NULL, NULL, NULL, NULL),
	(112, 'Sonagazi', 'সোনাগাজি', 2, 46, '1', 'Active', NULL, NULL, NULL, NULL, NULL, NULL),
	(113, 'Dighinala', 'দিঘিনালা', 2, 47, '1', 'Active', NULL, NULL, NULL, NULL, NULL, NULL),
	(114, 'Khagrachhari', 'খাগড়াছড়ি', 2, 47, '1', 'Active', NULL, NULL, NULL, NULL, NULL, NULL),
	(115, 'Lakshmichhari', 'লক্ষ্মীছড়ি', 2, 47, '1', 'Active', NULL, NULL, NULL, NULL, NULL, NULL),
	(116, 'Mahalchhari', 'মহলছড়ি', 2, 47, '1', 'Active', NULL, NULL, NULL, NULL, NULL, NULL),
	(117, 'Manikchhari', 'মানিকছড়ি', 2, 47, '1', 'Active', NULL, NULL, NULL, NULL, NULL, NULL),
	(118, 'Matiranga', 'মাটিরাঙ্গা', 2, 47, '1', 'Active', NULL, NULL, NULL, NULL, NULL, NULL),
	(119, 'Panchhari', 'পানছড়ি', 2, 47, '1', 'Active', NULL, NULL, NULL, NULL, NULL, NULL),
	(120, 'Ramgarh', 'রামগড়', 2, 47, '1', 'Active', NULL, NULL, NULL, NULL, NULL, NULL),
	(121, 'Lakshmipur Sadar', 'লক্ষ্মীপুর সদর', 2, 48, '1', 'Active', NULL, NULL, NULL, NULL, NULL, NULL),
	(122, 'Raipur', 'রায়পুর', 2, 48, '1', 'Active', NULL, NULL, NULL, NULL, NULL, NULL),
	(123, 'Ramganj', 'রামগঞ্জ', 2, 48, '1', 'Active', NULL, NULL, NULL, NULL, NULL, NULL),
	(124, 'Ramgati', 'রামগতি', 2, 48, '1', 'Active', NULL, NULL, NULL, NULL, NULL, NULL),
	(125, 'Komol Nagar', 'কমল নগর', 2, 48, '1', 'Active', NULL, NULL, NULL, NULL, NULL, NULL),
	(126, 'Noakhali Sadar', 'নোয়াখালী সদর', 2, 49, '1', 'Active', NULL, NULL, NULL, NULL, NULL, NULL),
	(127, 'Begumganj', 'বেগমগঞ্জ', 2, 49, '1', 'Active', NULL, NULL, NULL, NULL, NULL, NULL),
	(128, 'Chatkhil', 'চাটখিল', 2, 49, '1', 'Active', NULL, NULL, NULL, NULL, NULL, NULL),
	(129, 'Companyganj', 'কোম্পানীগঞ্জ', 2, 49, '1', 'Active', NULL, NULL, NULL, NULL, NULL, NULL),
	(130, 'Shenbag', 'শেনবাগ', 2, 49, '1', 'Active', NULL, NULL, NULL, NULL, NULL, NULL),
	(131, 'Hatia', 'হাতিয়া', 2, 49, '1', 'Active', NULL, NULL, NULL, NULL, NULL, NULL),
	(132, 'Kobirhat', 'কবিরহাট', 2, 49, '1', 'Active', NULL, NULL, NULL, NULL, NULL, NULL),
	(133, 'Sonaimuri', 'সোনাইমুরি', 2, 49, '1', 'Active', NULL, NULL, NULL, NULL, NULL, NULL),
	(134, 'Suborno Char', 'সুবর্ণ চর', 2, 49, '1', 'Active', NULL, NULL, NULL, NULL, NULL, NULL),
	(135, 'Rangamati Sadar', 'রাঙ্গামাটি সদর', 2, 50, '1', 'Active', NULL, NULL, NULL, NULL, NULL, NULL),
	(136, 'Belaichhari', 'বেলাইছড়ি', 2, 50, '1', 'Active', NULL, NULL, NULL, NULL, NULL, NULL),
	(137, 'Bagaichhari', 'বাঘাইছড়ি', 2, 50, '1', 'Active', NULL, NULL, NULL, NULL, NULL, NULL),
	(138, 'Barkal', 'বরকল', 2, 50, '1', 'Active', NULL, NULL, NULL, NULL, NULL, NULL),
	(139, 'Juraichhari', 'জুরাইছড়ি', 2, 50, '1', 'Active', NULL, NULL, NULL, NULL, NULL, NULL),
	(140, 'Rajasthali', 'রাজাস্থলি', 2, 50, '1', 'Active', NULL, NULL, NULL, NULL, NULL, NULL),
	(141, 'Kaptai', 'কাপ্তাই', 2, 50, '1', 'Active', NULL, NULL, NULL, NULL, NULL, NULL),
	(142, 'Langadu', 'লাঙ্গাডু', 2, 50, '1', 'Active', NULL, NULL, NULL, NULL, NULL, NULL),
	(143, 'Nannerchar', 'নান্নেরচর', 2, 50, '1', 'Active', NULL, NULL, NULL, NULL, NULL, NULL),
	(144, 'Kaukhali', 'কাউখালি', 2, 50, '1', 'Active', NULL, NULL, NULL, NULL, NULL, NULL),
	(150, 'Faridpur Sadar', 'ফরিদপুর সদর', 3, 2, '1', 'Active', NULL, NULL, NULL, NULL, NULL, NULL),
	(151, 'Boalmari', 'বোয়ালমারী', 3, 2, '1', 'Active', NULL, NULL, NULL, NULL, NULL, NULL),
	(152, 'Alfadanga', 'আলফাডাঙ্গা', 3, 2, '1', 'Active', NULL, NULL, NULL, NULL, NULL, NULL),
	(153, 'Madhukhali', 'মধুখালি', 3, 2, '1', 'Active', NULL, NULL, NULL, NULL, NULL, NULL),
	(154, 'Bhanga', 'ভাঙ্গা', 3, 2, '1', 'Active', NULL, NULL, NULL, NULL, NULL, NULL),
	(155, 'Nagarkanda', 'নগরকান্ড', 3, 2, '1', 'Active', NULL, NULL, NULL, NULL, NULL, NULL),
	(156, 'Charbhadrasan', 'চরভদ্রাসন', 3, 2, '1', 'Active', NULL, NULL, NULL, NULL, NULL, NULL),
	(157, 'Sadarpur', 'সদরপুর', 3, 2, '1', 'Active', NULL, NULL, NULL, NULL, NULL, NULL),
	(158, 'Shaltha', 'শালথা', 3, 2, '1', 'Active', NULL, NULL, NULL, NULL, NULL, NULL),
	(159, 'Gazipur Sadar-Joydebpur', 'গাজীপুর সদর', 3, 3, '1', 'Active', NULL, NULL, NULL, NULL, NULL, NULL),
	(160, 'Kaliakior', 'কালিয়াকৈর', 3, 3, '1', 'Active', NULL, NULL, NULL, NULL, NULL, NULL),
	(161, 'Kapasia', 'কাপাসিয়া', 3, 3, '1', 'Active', NULL, NULL, NULL, NULL, NULL, NULL),
	(162, 'Sreepur', 'শ্রীপুর', 3, 3, '1', 'Active', NULL, NULL, NULL, NULL, NULL, NULL),
	(163, 'Kaliganj', 'কালীগঞ্জ', 3, 3, '1', 'Active', NULL, NULL, NULL, NULL, NULL, NULL),
	(164, 'Tongi', 'টঙ্গি', 3, 3, '1', 'Active', NULL, NULL, NULL, NULL, NULL, NULL),
	(165, 'Gopalganj Sadar', 'গোপালগঞ্জ সদর', 3, 4, '1', 'Active', NULL, NULL, NULL, NULL, NULL, NULL),
	(166, 'Kashiani', 'কাশিয়ানি', 3, 4, '1', 'Active', NULL, NULL, NULL, NULL, NULL, NULL),
	(167, 'Kotalipara', 'কোটালিপাড়া', 3, 4, '1', 'Active', NULL, NULL, NULL, NULL, NULL, NULL),
	(168, 'Muksudpur', 'মুকসুদপুর', 3, 4, '1', 'Active', NULL, NULL, NULL, NULL, NULL, NULL),
	(169, 'Tungipara', 'টুঙ্গিপাড়া', 3, 4, '1', 'Active', NULL, NULL, NULL, NULL, NULL, NULL),
	(170, 'Dewanganj', 'দেওয়ানগঞ্জ', 8, 5, '1', 'Active', NULL, NULL, NULL, NULL, NULL, NULL),
	(171, 'Baksiganj', 'বকসিগঞ্জ', 8, 5, '1', 'Active', NULL, NULL, NULL, NULL, NULL, NULL),
	(172, 'Islampur', 'ইসলামপুর', 8, 5, '1', 'Active', NULL, NULL, NULL, NULL, NULL, NULL),
	(173, 'Jamalpur Sadar', 'জামালপুর সদর', 8, 5, '1', 'Active', NULL, NULL, NULL, NULL, NULL, NULL),
	(174, 'Madarganj', 'মাদারগঞ্জ', 8, 5, '1', 'Active', NULL, NULL, NULL, NULL, NULL, NULL),
	(175, 'Melandaha', 'মেলান্দহ', 8, 5, '1', 'Active', NULL, NULL, NULL, NULL, NULL, NULL),
	(176, 'Sarishabari', 'সরিষাবাড়ি', 8, 5, '1', 'Active', NULL, NULL, NULL, NULL, NULL, NULL),
	(177, 'Narundi Police I.C', 'নারুন্দি', 8, 5, '1', 'Active', NULL, NULL, NULL, NULL, NULL, NULL),
	(178, 'Astagram', 'অষ্টগ্রাম', 3, 6, '1', 'Active', NULL, NULL, NULL, NULL, NULL, NULL),
	(179, 'Bajitpur', 'বাজিতপুর', 3, 6, '1', 'Active', NULL, NULL, NULL, NULL, NULL, NULL),
	(180, 'Bhairab', 'ভৈরব', 3, 6, '1', 'Active', NULL, NULL, NULL, NULL, NULL, NULL),
	(181, 'Hossainpur', 'হোসেনপুর', 3, 6, '1', 'Active', NULL, NULL, NULL, NULL, NULL, NULL),
	(182, 'Itna', 'ইটনা', 3, 6, '1', 'Active', NULL, NULL, NULL, NULL, NULL, NULL),
	(183, 'Karimganj', 'করিমগঞ্জ', 3, 6, '1', 'Active', NULL, NULL, NULL, NULL, NULL, NULL),
	(184, 'Katiadi', 'কতিয়াদি', 3, 6, '1', 'Active', NULL, NULL, NULL, NULL, NULL, NULL),
	(185, 'Kishoreganj Sadar', 'কিশোরগঞ্জ সদর', 3, 6, '1', 'Active', NULL, NULL, NULL, NULL, NULL, NULL),
	(186, 'Kuliarchar', 'কুলিয়ারচর', 3, 6, '1', 'Active', NULL, NULL, NULL, NULL, NULL, NULL),
	(187, 'Mithamain', 'মিঠামাইন', 3, 6, '1', 'Active', NULL, NULL, NULL, NULL, NULL, NULL),
	(188, 'Nikli', 'নিকলি', 3, 6, '1', 'Active', NULL, NULL, NULL, NULL, NULL, NULL),
	(189, 'Pakundia', 'পাকুন্দিয়া', 3, 6, '1', 'Active', NULL, NULL, NULL, NULL, NULL, NULL),
	(190, 'Tarail', 'তাড়াইল', 3, 6, '1', 'Active', NULL, NULL, NULL, NULL, NULL, NULL),
	(191, 'Madaripur Sadar', 'মাদারীপুর সদর', 3, 7, '1', 'Active', NULL, NULL, NULL, NULL, NULL, NULL),
	(192, 'Kalkini', 'কালকিনি', 3, 7, '1', 'Active', NULL, NULL, NULL, NULL, NULL, NULL),
	(193, 'Rajoir', 'রাজইর', 3, 7, '1', 'Active', NULL, NULL, NULL, NULL, NULL, NULL),
	(194, 'Shibchar', 'শিবচর', 3, 7, '1', 'Active', NULL, NULL, NULL, NULL, NULL, NULL),
	(195, 'Manikganj Sadar', 'মানিকগঞ্জ সদর', 3, 8, '1', 'Active', NULL, NULL, NULL, NULL, NULL, NULL),
	(196, 'Singair', 'সিঙ্গাইর', 3, 8, '1', 'Active', NULL, NULL, NULL, NULL, NULL, NULL),
	(197, 'Shibalaya', 'শিবালয়', 3, 8, '1', 'Active', NULL, NULL, NULL, NULL, NULL, NULL),
	(198, 'Saturia', 'সাঠুরিয়া', 3, 8, '1', 'Active', NULL, NULL, NULL, NULL, NULL, NULL),
	(199, 'Harirampur', 'হরিরামপুর', 3, 8, '1', 'Active', NULL, NULL, NULL, NULL, NULL, NULL),
	(200, 'Ghior', 'ঘিওর', 3, 8, '1', 'Active', NULL, NULL, NULL, NULL, NULL, NULL),
	(201, 'Daulatpur', 'দৌলতপুর', 3, 8, '1', 'Active', NULL, NULL, NULL, NULL, NULL, NULL),
	(202, 'Lohajang', 'লোহাজং', 3, 9, '1', 'Active', NULL, NULL, NULL, NULL, NULL, NULL),
	(203, 'Sreenagar', 'শ্রীনগর', 3, 9, '1', 'Active', NULL, NULL, NULL, NULL, NULL, NULL),
	(204, 'Munshiganj Sadar', 'মুন্সিগঞ্জ সদর', 3, 9, '1', 'Active', NULL, NULL, NULL, NULL, NULL, NULL),
	(205, 'Sirajdikhan', 'সিরাজদিখান', 3, 9, '1', 'Active', NULL, NULL, NULL, NULL, NULL, NULL),
	(206, 'Tongibari', 'টঙ্গিবাড়ি', 3, 9, '1', 'Active', NULL, NULL, NULL, NULL, NULL, NULL),
	(207, 'Gazaria', 'গজারিয়া', 3, 9, '1', 'Active', NULL, NULL, NULL, NULL, NULL, NULL),
	(208, 'Bhaluka', 'ভালুকা', 8, 10, '1', 'Active', NULL, NULL, NULL, NULL, NULL, NULL),
	(209, 'Trishal', 'ত্রিশাল', 8, 10, '1', 'Active', NULL, NULL, NULL, NULL, NULL, NULL),
	(210, 'Haluaghat', 'হালুয়াঘাট', 8, 10, '1', 'Active', NULL, NULL, NULL, NULL, NULL, NULL),
	(211, 'Muktagachha', 'মুক্তাগাছা', 8, 10, '1', 'Active', NULL, NULL, NULL, NULL, NULL, NULL),
	(212, 'Dhobaura', 'ধোবাউড়া', 8, 10, '1', 'Active', NULL, NULL, NULL, NULL, NULL, NULL),
	(213, 'Fulbaria', 'ফুলবাড়িয়া', 8, 10, '1', 'Active', NULL, NULL, NULL, NULL, NULL, NULL),
	(214, 'Gaffargaon', 'গফরগাঁও', 8, 10, '1', 'Active', NULL, NULL, NULL, NULL, NULL, NULL),
	(215, 'Gauripur', 'গৌরিপুর', 8, 10, '1', 'Active', NULL, NULL, NULL, NULL, NULL, NULL),
	(216, 'Ishwarganj', 'ঈশ্বরগঞ্জ', 8, 10, '1', 'Active', NULL, NULL, NULL, NULL, NULL, NULL),
	(217, 'Mymensingh Sadar', 'ময়মনসিংহ সদর', 8, 10, '1', 'Active', NULL, NULL, NULL, NULL, NULL, NULL),
	(218, 'Nandail', 'নান্দাইল', 8, 10, '1', 'Active', NULL, NULL, NULL, NULL, NULL, NULL),
	(219, 'Phulpur', 'ফুলপুর', 8, 10, '1', 'Active', NULL, NULL, NULL, NULL, NULL, NULL),
	(220, 'Araihazar', 'আড়াইহাজার', 3, 11, '1', 'Active', NULL, NULL, NULL, NULL, NULL, NULL),
	(221, 'Sonargaon', 'সোনারগাঁও', 3, 11, '1', 'Active', NULL, NULL, NULL, NULL, NULL, NULL),
	(222, 'Bandar', 'বন্দার (নারায়ানগঞ্জ)', 3, 11, '1', 'Active', NULL, NULL, NULL, NULL, NULL, NULL),
	(223, 'Naryanganj Sadar', 'নারায়ানগঞ্জ সদর', 3, 11, '1', 'Active', NULL, NULL, NULL, NULL, NULL, NULL),
	(224, 'Rupganj', 'রূপগঞ্জ', 3, 11, '1', 'Active', NULL, NULL, NULL, NULL, NULL, NULL),
	(225, 'Siddirgonj', 'সিদ্ধিরগঞ্জ', 3, 11, '1', 'Active', NULL, NULL, NULL, NULL, NULL, NULL),
	(226, 'Belabo', 'বেলাবো', 3, 12, '1', 'Active', NULL, NULL, NULL, NULL, NULL, NULL),
	(227, 'Monohardi', 'মনোহরদি', 3, 12, '1', 'Active', NULL, NULL, NULL, NULL, NULL, NULL),
	(228, 'Narsingdi Sadar', 'নরসিংদী সদর', 3, 12, '1', 'Active', NULL, NULL, NULL, NULL, NULL, NULL),
	(229, 'Palash', 'পলাশ', 3, 12, '1', 'Active', NULL, NULL, NULL, NULL, NULL, NULL),
	(230, 'Raipura', 'রায়পুর', 3, 12, '1', 'Active', NULL, NULL, NULL, NULL, NULL, NULL),
	(231, 'Shibpur', 'শিবপুর', 3, 12, '1', 'Active', NULL, NULL, NULL, NULL, NULL, NULL),
	(232, 'Kendua Upazilla', 'কেন্দুয়া', 8, 13, '1', 'Active', NULL, NULL, NULL, NULL, NULL, NULL),
	(233, 'Atpara Upazilla', 'আটপাড়া', 8, 13, '1', 'Active', NULL, NULL, NULL, NULL, NULL, NULL),
	(234, 'Barhatta Upazilla', 'বরহাট্টা', 8, 13, '1', 'Active', NULL, NULL, NULL, NULL, NULL, NULL),
	(235, 'Durgapur Upazilla', 'দুর্গাপুর', 8, 13, '1', 'Active', NULL, NULL, NULL, NULL, NULL, NULL),
	(236, 'Kalmakanda Upazilla', 'কলমাকান্দা', 8, 13, '1', 'Active', NULL, NULL, NULL, NULL, NULL, NULL),
	(237, 'Madan Upazilla', 'মদন', 8, 13, '1', 'Active', NULL, NULL, NULL, NULL, NULL, NULL),
	(238, 'Mohanganj Upazilla', 'মোহনগঞ্জ', 8, 13, '1', 'Active', NULL, NULL, NULL, NULL, NULL, NULL),
	(239, 'Netrakona-S Upazilla', 'নেত্রকোনা সদর', 8, 13, '1', 'Active', NULL, NULL, NULL, NULL, NULL, NULL),
	(240, 'Purbadhala Upazilla', 'পূর্বধলা', 8, 13, '1', 'Active', NULL, NULL, NULL, NULL, NULL, NULL),
	(241, 'Khaliajuri Upazilla', 'খালিয়াজুরি', 8, 13, '1', 'Active', NULL, NULL, NULL, NULL, NULL, NULL),
	(242, 'Baliakandi', 'বালিয়াকান্দি', 3, 14, '1', 'Active', NULL, NULL, NULL, NULL, NULL, NULL),
	(243, 'Goalandaghat', 'গোয়ালন্দ ঘাট', 3, 14, '1', 'Active', NULL, NULL, NULL, NULL, NULL, NULL),
	(244, 'Pangsha', 'পাংশা', 3, 14, '1', 'Active', NULL, NULL, NULL, NULL, NULL, NULL),
	(245, 'Kalukhali', 'কালুখালি', 3, 14, '1', 'Active', NULL, NULL, NULL, NULL, NULL, NULL),
	(246, 'Rajbari Sadar', 'রাজবাড়ি সদর', 3, 14, '1', 'Active', NULL, NULL, NULL, NULL, NULL, NULL),
	(247, 'Shariatpur Sadar -Palong', 'শরীয়তপুর সদর', 3, 15, '1', 'Active', NULL, NULL, NULL, NULL, NULL, NULL),
	(248, 'Damudya', 'ডামুড্যা', 3, 15, '1', 'Active', NULL, NULL, NULL, NULL, NULL, NULL),
	(249, 'Naria', 'নড়িয়া', 3, 15, '1', 'Active', NULL, NULL, NULL, NULL, NULL, NULL),
	(250, 'Jajira', 'জাজিরা', 3, 15, '1', 'Active', NULL, NULL, NULL, NULL, NULL, NULL),
	(251, 'Bhedarganj', 'ভেদারগঞ্জ', 3, 15, '1', 'Active', NULL, NULL, NULL, NULL, NULL, NULL),
	(252, 'Gosairhat', 'গোসাইর হাট', 3, 15, '1', 'Active', NULL, NULL, NULL, NULL, NULL, NULL),
	(253, 'Jhenaigati', 'ঝিনাইগাতি', 8, 16, '1', 'Active', NULL, NULL, NULL, NULL, NULL, NULL),
	(254, 'Nakla', 'নকলা', 8, 16, '1', 'Active', NULL, NULL, NULL, NULL, NULL, NULL),
	(255, 'Nalitabari', 'নালিতাবাড়ি', 8, 16, '1', 'Active', NULL, NULL, NULL, NULL, NULL, NULL),
	(256, 'Sherpur Sadar', 'শেরপুর সদর', 8, 16, '1', 'Active', NULL, NULL, NULL, NULL, NULL, NULL),
	(257, 'Sreebardi', 'শ্রীবরদি', 8, 16, '1', 'Active', NULL, NULL, NULL, NULL, NULL, NULL),
	(258, 'Tangail Sadar', 'টাঙ্গাইল সদর', 3, 17, '1', 'Active', NULL, NULL, NULL, NULL, NULL, NULL),
	(259, 'Sakhipur', 'সখিপুর', 3, 17, '1', 'Active', NULL, NULL, NULL, NULL, NULL, NULL),
	(260, 'Basail', 'বসাইল', 3, 17, '1', 'Active', NULL, NULL, NULL, NULL, NULL, NULL),
	(261, 'Madhupur', 'মধুপুর', 3, 17, '1', 'Active', NULL, NULL, NULL, NULL, NULL, NULL),
	(262, 'Ghatail', 'ঘাটাইল', 3, 17, '1', 'Active', NULL, NULL, NULL, NULL, NULL, NULL),
	(263, 'Kalihati', 'কালিহাতি', 3, 17, '1', 'Active', NULL, NULL, NULL, NULL, NULL, NULL),
	(264, 'Nagarpur', 'নগরপুর', 3, 17, '1', 'Active', NULL, NULL, NULL, NULL, NULL, NULL),
	(265, 'Mirzapur', 'মির্জাপুর', 3, 17, '1', 'Active', NULL, NULL, NULL, NULL, NULL, NULL),
	(266, 'Gopalpur', 'গোপালপুর', 3, 17, '1', 'Active', NULL, NULL, NULL, NULL, NULL, NULL),
	(267, 'Delduar', 'দেলদুয়ার', 3, 17, '1', 'Active', NULL, NULL, NULL, NULL, NULL, NULL),
	(268, 'Bhuapur', 'ভুয়াপুর', 3, 17, '1', 'Active', NULL, NULL, NULL, NULL, NULL, NULL),
	(269, 'Dhanbari', 'ধনবাড়ি', 3, 17, '1', 'Active', NULL, NULL, NULL, NULL, NULL, NULL),
	(270, 'Bagerhat Sadar', 'বাগেরহাট সদর', 4, 55, '1', 'Active', NULL, NULL, NULL, NULL, NULL, NULL),
	(271, 'Chitalmari', 'চিতলমাড়ি', 4, 55, '1', 'Active', NULL, NULL, NULL, NULL, NULL, NULL),
	(272, 'Fakirhat', 'ফকিরহাট', 4, 55, '1', 'Active', NULL, NULL, NULL, NULL, NULL, NULL),
	(273, 'Kachua', 'কচুয়া', 4, 55, '1', 'Active', NULL, NULL, NULL, NULL, NULL, NULL),
	(274, 'Mollahat', 'মোল্লাহাট', 4, 55, '1', 'Active', NULL, NULL, NULL, NULL, NULL, NULL),
	(275, 'Mongla', 'মংলা', 4, 55, '1', 'Active', NULL, NULL, NULL, NULL, NULL, NULL),
	(276, 'Morrelganj', 'মোরেলগঞ্জ', 4, 55, '1', 'Active', NULL, NULL, NULL, NULL, NULL, NULL),
	(277, 'Rampal', 'রামপাল', 4, 55, '1', 'Active', NULL, NULL, NULL, NULL, NULL, NULL),
	(278, 'Sarankhola', 'স্মরণখোলা', 4, 55, '1', 'Active', NULL, NULL, NULL, NULL, NULL, NULL),
	(279, 'Damurhuda', 'দামুড়হুদা', 4, 56, '1', 'Active', NULL, NULL, NULL, NULL, NULL, NULL),
	(280, 'Chuadanga', 'চুয়াডাঙ্গা সদর', 4, 56, '1', 'Active', NULL, NULL, NULL, NULL, NULL, NULL),
	(281, 'Jibannagar', 'জীবন নগর', 4, 56, '1', 'Active', NULL, NULL, NULL, NULL, NULL, NULL),
	(282, 'Alamdanga', 'আলমডাঙ্গা', 4, 56, '1', 'Active', NULL, NULL, NULL, NULL, NULL, NULL),
	(283, 'Abhaynagar', 'অভয়নগর', 4, 57, '1', 'Active', NULL, NULL, NULL, NULL, NULL, NULL),
	(284, 'Keshabpur', 'কেশবপুর', 4, 57, '1', 'Active', NULL, NULL, NULL, NULL, NULL, NULL),
	(285, 'Bagherpara', 'বাঘের পাড়া', 4, 57, '1', 'Active', NULL, NULL, NULL, NULL, NULL, NULL),
	(286, 'Jessore Sadar', 'যশোর সদর', 4, 57, '1', 'Active', NULL, NULL, NULL, NULL, NULL, NULL),
	(287, 'Chaugachha', 'চৌগাছা', 4, 57, '1', 'Active', NULL, NULL, NULL, NULL, NULL, NULL),
	(288, 'Manirampur', 'মনিরামপুর', 4, 57, '1', 'Active', NULL, NULL, NULL, NULL, NULL, NULL),
	(289, 'Jhikargachha', 'ঝিকরগাছা', 4, 57, '1', 'Active', NULL, NULL, NULL, NULL, NULL, NULL),
	(290, 'Sharsha', 'সারশা', 4, 57, '1', 'Active', NULL, NULL, NULL, NULL, NULL, NULL),
	(291, 'Jhenaidah Sadar', 'ঝিনাইদহ সদর', 4, 58, '1', 'Active', NULL, NULL, NULL, NULL, NULL, NULL),
	(292, 'Maheshpur', 'মহেশপুর', 4, 58, '1', 'Active', NULL, NULL, NULL, NULL, NULL, NULL),
	(293, 'Kaliganj', 'কালীগঞ্জ', 4, 58, '1', 'Active', NULL, NULL, NULL, NULL, NULL, NULL),
	(294, 'Kotchandpur', 'কোট চাঁদপুর', 4, 58, '1', 'Active', NULL, NULL, NULL, NULL, NULL, NULL),
	(295, 'Shailkupa', 'শৈলকুপা', 4, 58, '1', 'Active', NULL, NULL, NULL, NULL, NULL, NULL),
	(296, 'Harinakunda', 'হরিণাকুন্ড', 4, 58, '1', 'Active', NULL, NULL, NULL, NULL, NULL, NULL),
	(297, 'Terokhada', 'তেরখাদা', 4, 59, '1', 'Active', NULL, NULL, NULL, NULL, NULL, NULL),
	(298, 'Batiaghata', 'বটিয়াঘাটা', 4, 59, '1', 'Active', NULL, NULL, NULL, NULL, NULL, NULL),
	(299, 'Dacope', 'দাকোপ', 4, 59, '1', 'Active', NULL, NULL, NULL, NULL, NULL, NULL),
	(300, 'Dumuria', 'ডুমুরিয়া', 4, 59, '1', 'Active', NULL, NULL, NULL, NULL, NULL, NULL),
	(301, 'Dighalia', 'দিঘলিয়া', 4, 59, '1', 'Active', NULL, NULL, NULL, NULL, NULL, NULL),
	(302, 'Koyra', 'কয়রা', 4, 59, '1', 'Active', NULL, NULL, NULL, NULL, NULL, NULL),
	(303, 'Paikgachha', 'পাইকগাছা', 4, 59, '1', 'Active', NULL, NULL, NULL, NULL, NULL, NULL),
	(304, 'Phultala', 'ফুলতলা', 4, 59, '1', 'Active', NULL, NULL, NULL, NULL, NULL, NULL),
	(305, 'Rupsa', 'রূপসা', 4, 59, '1', 'Active', NULL, NULL, NULL, NULL, NULL, NULL),
	(306, 'Kushtia Sadar', 'কুষ্টিয়া সদর', 4, 60, '1', 'Active', NULL, NULL, NULL, NULL, NULL, NULL),
	(307, 'Kumarkhali', 'কুমারখালি', 4, 60, '1', 'Active', NULL, NULL, NULL, NULL, NULL, NULL),
	(308, 'Daulatpur', 'দৌলতপুর', 4, 60, '1', 'Active', NULL, NULL, NULL, NULL, NULL, NULL),
	(309, 'Mirpur', 'মিরপুর', 4, 60, '1', 'Active', NULL, NULL, NULL, NULL, NULL, NULL),
	(310, 'Bheramara', 'ভেরামারা', 4, 60, '1', 'Active', NULL, NULL, NULL, NULL, NULL, NULL),
	(311, 'Khoksa', 'খোকসা', 4, 60, '1', 'Active', NULL, NULL, NULL, NULL, NULL, NULL),
	(312, 'Magura Sadar', 'মাগুরা সদর', 4, 61, '1', 'Active', NULL, NULL, NULL, NULL, NULL, NULL),
	(313, 'Mohommodpur', 'মহম্মদপুর', 4, 61, '1', 'Active', NULL, NULL, NULL, NULL, NULL, NULL),
	(314, 'Shalikha', 'শালিখা', 4, 61, '1', 'Active', NULL, NULL, NULL, NULL, NULL, NULL),
	(315, 'Sreepur', 'শ্রীপুর', 4, 61, '1', 'Active', NULL, NULL, NULL, NULL, NULL, NULL),
	(316, 'Gangni', 'গাংনি', 4, 62, '1', 'Active', NULL, NULL, NULL, NULL, NULL, NULL),
	(317, 'Mujib Nagar', 'মুজিব নগর', 4, 62, '1', 'Active', NULL, NULL, NULL, NULL, NULL, NULL),
	(318, 'Meherpur-S', 'মেহেরপুর সদর', 4, 62, '1', 'Active', NULL, NULL, NULL, NULL, NULL, NULL),
	(319, 'Narail-S Upazilla', 'নড়াইল সদর', 4, 63, '1', 'Active', NULL, NULL, NULL, NULL, NULL, NULL),
	(320, 'Lohagara Upazilla', 'লোহাগড়া', 4, 63, '1', 'Active', NULL, NULL, NULL, NULL, NULL, NULL),
	(321, 'Kalia Upazilla', 'কালিয়া', 4, 63, '1', 'Active', NULL, NULL, NULL, NULL, NULL, NULL),
	(322, 'Satkhira Sadar', 'সাতক্ষীরা সদর', 4, 64, '1', 'Active', NULL, NULL, NULL, NULL, NULL, NULL),
	(323, 'Assasuni', 'আশাশুনি', 4, 64, '1', 'Active', NULL, NULL, NULL, NULL, NULL, NULL),
	(324, 'Debhata', 'দেবহাটা', 4, 64, '1', 'Active', NULL, NULL, NULL, NULL, NULL, NULL),
	(325, 'Tala', 'তালা', 4, 64, '1', 'Active', NULL, NULL, NULL, NULL, NULL, NULL),
	(326, 'Kalaroa', 'কলরোয়া', 4, 64, '1', 'Active', NULL, NULL, NULL, NULL, NULL, NULL),
	(327, 'Kaliganj', 'কালীগঞ্জ', 4, 64, '1', 'Active', NULL, NULL, NULL, NULL, NULL, NULL),
	(328, 'Shyamnagar', 'শ্যামনগর', 4, 64, '1', 'Active', NULL, NULL, NULL, NULL, NULL, NULL),
	(329, 'Adamdighi', 'আদমদিঘী', 5, 18, '1', 'Active', NULL, NULL, NULL, NULL, NULL, NULL),
	(330, 'Bogra Sadar', 'বগুড়া সদর', 5, 18, '1', 'Active', NULL, NULL, NULL, NULL, NULL, NULL),
	(331, 'Sherpur', 'শেরপুর', 5, 18, '1', 'Active', NULL, NULL, NULL, NULL, NULL, NULL),
	(332, 'Dhunat', 'ধুনট', 5, 18, '1', 'Active', NULL, NULL, NULL, NULL, NULL, NULL),
	(333, 'Dhupchanchia', 'দুপচাঁচিয়া', 5, 18, '1', 'Active', NULL, NULL, NULL, NULL, NULL, NULL),
	(334, 'Gabtali', 'গাবতলি', 5, 18, '1', 'Active', NULL, NULL, NULL, NULL, NULL, NULL),
	(335, 'Kahaloo', 'কাহালু', 5, 18, '1', 'Active', NULL, NULL, NULL, NULL, NULL, NULL),
	(336, 'Nandigram', 'নন্দিগ্রাম', 5, 18, '1', 'Active', NULL, NULL, NULL, NULL, NULL, NULL),
	(337, 'Sahajanpur', 'শাহজাহানপুর', 5, 18, '1', 'Active', NULL, NULL, NULL, NULL, NULL, NULL),
	(338, 'Sariakandi', 'সারিয়াকান্দি', 5, 18, '1', 'Active', NULL, NULL, NULL, NULL, NULL, NULL),
	(339, 'Shibganj', 'শিবগঞ্জ', 5, 18, '1', 'Active', NULL, NULL, NULL, NULL, NULL, NULL),
	(340, 'Sonatala', 'সোনাতলা', 5, 18, '1', 'Active', NULL, NULL, NULL, NULL, NULL, NULL),
	(341, 'Joypurhat S', 'জয়পুরহাট সদর', 5, 19, '1', 'Active', NULL, NULL, NULL, NULL, NULL, NULL),
	(342, 'Akkelpur', 'আক্কেলপুর', 5, 19, '1', 'Active', NULL, NULL, NULL, NULL, NULL, NULL),
	(343, 'Kalai', 'কালাই', 5, 19, '1', 'Active', NULL, NULL, NULL, NULL, NULL, NULL),
	(344, 'Khetlal', 'ক্ষেতলাল', 5, 19, '1', 'Active', NULL, NULL, NULL, NULL, NULL, NULL),
	(345, 'Panchbibi', 'পাঁচবিবি', 5, 19, '1', 'Active', NULL, NULL, NULL, NULL, NULL, NULL),
	(346, 'Naogaon Sadar', 'নওগাঁ সদর', 5, 20, '1', 'Active', NULL, NULL, NULL, NULL, NULL, NULL),
	(347, 'Mohadevpur', 'মহাদেবপুর', 5, 20, '1', 'Active', NULL, NULL, NULL, NULL, NULL, NULL),
	(348, 'Manda', 'মান্দা', 5, 20, '1', 'Active', NULL, NULL, NULL, NULL, NULL, NULL),
	(349, 'Niamatpur', 'নিয়ামতপুর', 5, 20, '1', 'Active', NULL, NULL, NULL, NULL, NULL, NULL),
	(350, 'Atrai', 'আত্রাই', 5, 20, '1', 'Active', NULL, NULL, NULL, NULL, NULL, NULL),
	(351, 'Raninagar', 'রাণীনগর', 5, 20, '1', 'Active', NULL, NULL, NULL, NULL, NULL, NULL),
	(352, 'Patnitala', 'পত্নীতলা', 5, 20, '1', 'Active', NULL, NULL, NULL, NULL, NULL, NULL),
	(353, 'Dhamoirhat', 'ধামইরহাট', 5, 20, '1', 'Active', NULL, NULL, NULL, NULL, NULL, NULL),
	(354, 'Sapahar', 'সাপাহার', 5, 20, '1', 'Active', NULL, NULL, NULL, NULL, NULL, NULL),
	(355, 'Porsha', 'পোরশা', 5, 20, '1', 'Active', NULL, NULL, NULL, NULL, NULL, NULL),
	(356, 'Badalgachhi', 'বদলগাছি', 5, 20, '1', 'Active', NULL, NULL, NULL, NULL, NULL, NULL),
	(357, 'Natore Sadar', 'নাটোর সদর', 5, 21, '1', 'Active', NULL, NULL, NULL, NULL, NULL, NULL),
	(358, 'Baraigram', 'বড়াইগ্রাম', 5, 21, '1', 'Active', NULL, NULL, NULL, NULL, NULL, NULL),
	(359, 'Bagatipara', 'বাগাতিপাড়া', 5, 21, '1', 'Active', NULL, NULL, NULL, NULL, NULL, NULL),
	(360, 'Lalpur', 'লালপুর', 5, 21, '1', 'Active', NULL, NULL, NULL, NULL, NULL, NULL),
	(361, 'Natore Sadar', 'নাটোর সদর', 5, 21, '1', 'Active', NULL, NULL, NULL, NULL, NULL, NULL),
	(362, 'Baraigram', 'বড়াই গ্রাম', 5, 21, '1', 'Active', NULL, NULL, NULL, NULL, NULL, NULL),
	(363, 'Bholahat', 'ভোলাহাট', 5, 22, '1', 'Active', NULL, NULL, NULL, NULL, NULL, NULL),
	(364, 'Gomastapur', 'গোমস্তাপুর', 5, 22, '1', 'Active', NULL, NULL, NULL, NULL, NULL, NULL),
	(365, 'Nachole', 'নাচোল', 5, 22, '1', 'Active', NULL, NULL, NULL, NULL, NULL, NULL),
	(366, 'Chapainawabganj Sadar', 'চাঁপাইনবাবগঞ্জ সদর', 5, 22, '1', 'Active', NULL, NULL, NULL, NULL, NULL, NULL),
	(367, 'Shibganj', 'শিবগঞ্জ', 5, 22, '1', 'Active', NULL, NULL, NULL, NULL, NULL, NULL),
	(368, 'Atgharia', 'আটঘরিয়া', 5, 23, '1', 'Active', NULL, NULL, NULL, NULL, NULL, NULL),
	(369, 'Bera', 'বেড়া', 5, 23, '1', 'Active', NULL, NULL, NULL, NULL, NULL, NULL),
	(370, 'Bhangura', 'ভাঙ্গুরা', 5, 23, '1', 'Active', NULL, NULL, NULL, NULL, NULL, NULL),
	(371, 'Chatmohar', 'চাটমোহর', 5, 23, '1', 'Active', NULL, NULL, NULL, NULL, NULL, NULL),
	(372, 'Faridpur', 'ফরিদপুর', 5, 23, '1', 'Active', NULL, NULL, NULL, NULL, NULL, NULL),
	(373, 'Ishwardi', 'ঈশ্বরদী', 5, 23, '1', 'Active', NULL, NULL, NULL, NULL, NULL, NULL),
	(374, 'Pabna Sadar', 'পাবনা সদর', 5, 23, '1', 'Active', NULL, NULL, NULL, NULL, NULL, NULL),
	(375, 'Santhia', 'সাঁথিয়া', 5, 23, '1', 'Active', NULL, NULL, NULL, NULL, NULL, NULL),
	(376, 'Sujanagar', 'সুজানগর', 5, 23, '1', 'Active', NULL, NULL, NULL, NULL, NULL, NULL),
	(377, 'Bagha', 'বাঘা', 5, 24, '1', 'Active', NULL, NULL, NULL, NULL, NULL, NULL),
	(378, 'Bagmara', 'বাগমারা', 5, 24, '1', 'Active', NULL, NULL, NULL, NULL, NULL, NULL),
	(379, 'Charghat', 'চারঘাট', 5, 24, '1', 'Active', NULL, NULL, NULL, NULL, NULL, NULL),
	(380, 'Durgapur', 'দুর্গাপুর', 5, 24, '1', 'Active', NULL, NULL, NULL, NULL, NULL, NULL),
	(381, 'Godagari', 'গোদাগারি', 5, 24, '1', 'Active', NULL, NULL, NULL, NULL, NULL, NULL),
	(382, 'Mohanpur', 'মোহনপুর', 5, 24, '1', 'Active', NULL, NULL, NULL, NULL, NULL, NULL),
	(383, 'Paba', 'পবা', 5, 24, '1', 'Active', NULL, NULL, NULL, NULL, NULL, NULL),
	(384, 'Puthia', 'পুঠিয়া', 5, 24, '1', 'Active', NULL, NULL, NULL, NULL, NULL, NULL),
	(385, 'Tanore', 'তানোর', 5, 24, '1', 'Active', NULL, NULL, NULL, NULL, NULL, NULL),
	(386, 'Sirajganj Sadar', 'সিরাজগঞ্জ সদর', 5, 25, '1', 'Active', NULL, NULL, NULL, NULL, NULL, NULL),
	(387, 'Belkuchi', 'বেলকুচি', 5, 25, '1', 'Active', NULL, NULL, NULL, NULL, NULL, NULL),
	(388, 'Chauhali', 'চৌহালি', 5, 25, '1', 'Active', NULL, NULL, NULL, NULL, NULL, NULL),
	(389, 'Kamarkhanda', 'কামারখন্দ', 5, 25, '1', 'Active', NULL, NULL, NULL, NULL, NULL, NULL),
	(390, 'Kazipur', 'কাজীপুর', 5, 25, '1', 'Active', NULL, NULL, NULL, NULL, NULL, NULL),
	(391, 'Raiganj', 'রায়গঞ্জ', 5, 25, '1', 'Active', NULL, NULL, NULL, NULL, NULL, NULL),
	(392, 'Shahjadpur', 'শাহজাদপুর', 5, 25, '1', 'Active', NULL, NULL, NULL, NULL, NULL, NULL),
	(393, 'Tarash', 'তারাশ', 5, 25, '1', 'Active', NULL, NULL, NULL, NULL, NULL, NULL),
	(394, 'Ullahpara', 'উল্লাপাড়া', 5, 25, '1', 'Active', NULL, NULL, NULL, NULL, NULL, NULL),
	(395, 'Birampur', 'বিরামপুর', 6, 26, '1', 'Active', NULL, NULL, NULL, NULL, NULL, NULL),
	(396, 'Birganj', 'বীরগঞ্জ', 6, 26, '1', 'Active', NULL, NULL, NULL, NULL, NULL, NULL),
	(397, 'Biral', 'বিড়াল', 6, 26, '1', 'Active', NULL, NULL, NULL, NULL, NULL, NULL),
	(398, 'Bochaganj', 'বোচাগঞ্জ', 6, 26, '1', 'Active', NULL, NULL, NULL, NULL, NULL, NULL),
	(399, 'Chirirbandar', 'চিরিরবন্দর', 6, 26, '1', 'Active', NULL, NULL, NULL, NULL, NULL, NULL),
	(400, 'Phulbari', 'ফুলবাড়ি', 6, 26, '1', 'Active', NULL, NULL, NULL, NULL, NULL, NULL),
	(401, 'Ghoraghat', 'ঘোড়াঘাট', 6, 26, '1', 'Active', NULL, NULL, NULL, NULL, NULL, NULL),
	(402, 'Hakimpur', 'হাকিমপুর', 6, 26, '1', 'Active', NULL, NULL, NULL, NULL, NULL, NULL),
	(403, 'Kaharole', 'কাহারোল', 6, 26, '1', 'Active', NULL, NULL, NULL, NULL, NULL, NULL),
	(404, 'Khansama', 'খানসামা', 6, 26, '1', 'Active', NULL, NULL, NULL, NULL, NULL, NULL),
	(405, 'Dinajpur Sadar', 'দিনাজপুর সদর', 6, 26, '1', 'Active', NULL, NULL, NULL, NULL, NULL, NULL),
	(406, 'Nawabganj', 'নবাবগঞ্জ', 6, 26, '1', 'Active', NULL, NULL, NULL, NULL, NULL, NULL),
	(407, 'Parbatipur', 'পার্বতীপুর', 6, 26, '1', 'Active', NULL, NULL, NULL, NULL, NULL, NULL),
	(408, 'Fulchhari', 'ফুলছড়ি', 6, 27, '1', 'Active', NULL, NULL, NULL, NULL, NULL, NULL),
	(409, 'Gaibandha sadar', 'গাইবান্ধা সদর', 6, 27, '1', 'Active', NULL, NULL, NULL, NULL, NULL, NULL),
	(410, 'Gobindaganj', 'গোবিন্দগঞ্জ', 6, 27, '1', 'Active', NULL, NULL, NULL, NULL, NULL, NULL),
	(411, 'Palashbari', 'পলাশবাড়ী', 6, 27, '1', 'Active', NULL, NULL, NULL, NULL, NULL, NULL),
	(412, 'Sadullapur', 'সাদুল্লাপুর', 6, 27, '1', 'Active', NULL, NULL, NULL, NULL, NULL, NULL),
	(413, 'Saghata', 'সাঘাটা', 6, 27, '1', 'Active', NULL, NULL, NULL, NULL, NULL, NULL),
	(414, 'Sundarganj', 'সুন্দরগঞ্জ', 6, 27, '1', 'Active', NULL, NULL, NULL, NULL, NULL, NULL),
	(415, 'Kurigram Sadar', 'কুড়িগ্রাম সদর', 6, 28, '1', 'Active', NULL, NULL, NULL, NULL, NULL, NULL),
	(416, 'Nageshwari', 'নাগেশ্বরী', 6, 28, '1', 'Active', NULL, NULL, NULL, NULL, NULL, NULL),
	(417, 'Bhurungamari', 'ভুরুঙ্গামারি', 6, 28, '1', 'Active', NULL, NULL, NULL, NULL, NULL, NULL),
	(418, 'Phulbari', 'ফুলবাড়ি', 6, 28, '1', 'Active', NULL, NULL, NULL, NULL, NULL, NULL),
	(419, 'Rajarhat', 'রাজারহাট', 6, 28, '1', 'Active', NULL, NULL, NULL, NULL, NULL, NULL),
	(420, 'Ulipur', 'উলিপুর', 6, 28, '1', 'Active', NULL, NULL, NULL, NULL, NULL, NULL),
	(421, 'Chilmari', 'চিলমারি', 6, 28, '1', 'Active', NULL, NULL, NULL, NULL, NULL, NULL),
	(422, 'Rowmari', 'রৌমারী', 6, 28, '1', 'Active', NULL, NULL, NULL, NULL, NULL, NULL),
	(423, 'Char Rajibpur', 'চর রাজিবপুর', 6, 28, '1', 'Active', NULL, NULL, NULL, NULL, NULL, NULL),
	(424, 'Lalmanirhat Sadar', 'লালমনিরহাট সদর', 6, 29, '1', 'Active', NULL, NULL, NULL, NULL, NULL, NULL),
	(425, 'Aditmari', 'আদিতমারি', 6, 29, '1', 'Active', NULL, NULL, NULL, NULL, NULL, NULL),
	(426, 'Kaliganj', 'কালীগঞ্জ', 6, 29, '1', 'Active', NULL, NULL, NULL, NULL, NULL, NULL),
	(427, 'Hatibandha', 'হাতিবান্ধা', 6, 29, '1', 'Active', NULL, NULL, NULL, NULL, NULL, NULL),
	(428, 'Patgram', 'পাটগ্রাম', 6, 29, '1', 'Active', NULL, NULL, NULL, NULL, NULL, NULL),
	(429, 'Nilphamari Sadar', 'নীলফামারী সদর', 6, 30, '1', 'Active', NULL, NULL, NULL, NULL, NULL, NULL),
	(430, 'Saidpur', 'সৈয়দপুর', 6, 30, '1', 'Active', NULL, NULL, NULL, NULL, NULL, NULL),
	(431, 'Jaldhaka', 'জলঢাকা', 6, 30, '1', 'Active', NULL, NULL, NULL, NULL, NULL, NULL),
	(432, 'Kishoreganj', 'কিশোরগঞ্জ', 6, 30, '1', 'Active', NULL, NULL, NULL, NULL, NULL, NULL),
	(433, 'Domar', 'ডোমার', 6, 30, '1', 'Active', NULL, NULL, NULL, NULL, NULL, NULL),
	(434, 'Dimla', 'ডিমলা', 6, 30, '1', 'Active', NULL, NULL, NULL, NULL, NULL, NULL),
	(435, 'Panchagarh Sadar', 'পঞ্চগড় সদর', 6, 31, '1', 'Active', NULL, NULL, NULL, NULL, NULL, NULL),
	(436, 'Debiganj', 'দেবীগঞ্জ', 6, 31, '1', 'Active', NULL, NULL, NULL, NULL, NULL, NULL),
	(437, 'Boda', 'বোদা', 6, 31, '1', 'Active', NULL, NULL, NULL, NULL, NULL, NULL),
	(438, 'Atwari', 'আটোয়ারি', 6, 31, '1', 'Active', NULL, NULL, NULL, NULL, NULL, NULL),
	(439, 'Tetulia', 'তেতুলিয়া', 6, 31, '1', 'Active', NULL, NULL, NULL, NULL, NULL, NULL),
	(440, 'Badarganj', 'বদরগঞ্জ', 6, 32, '1', 'Active', NULL, NULL, NULL, NULL, NULL, NULL),
	(441, 'Mithapukur', 'মিঠাপুকুর', 6, 32, '1', 'Active', NULL, NULL, NULL, NULL, NULL, NULL),
	(442, 'Gangachara', 'গঙ্গাচরা', 6, 32, '1', 'Active', NULL, NULL, NULL, NULL, NULL, NULL),
	(443, 'Kaunia', 'কাউনিয়া', 6, 32, '1', 'Active', NULL, NULL, NULL, NULL, NULL, NULL),
	(444, 'Rangpur Sadar', 'রংপুর সদর', 6, 32, '1', 'Active', NULL, NULL, NULL, NULL, NULL, NULL),
	(445, 'Pirgachha', 'পীরগাছা', 6, 32, '1', 'Active', NULL, NULL, NULL, NULL, NULL, NULL),
	(446, 'Pirganj', 'পীরগঞ্জ', 6, 32, '1', 'Active', NULL, NULL, NULL, NULL, NULL, NULL),
	(447, 'Taraganj', 'তারাগঞ্জ', 6, 32, '1', 'Active', NULL, NULL, NULL, NULL, NULL, NULL),
	(448, 'Thakurgaon Sadar', 'ঠাকুরগাঁও সদর', 6, 33, '1', 'Active', NULL, NULL, NULL, NULL, NULL, NULL),
	(449, 'Pirganj', 'পীরগঞ্জ', 6, 33, '1', 'Active', NULL, NULL, NULL, NULL, NULL, NULL),
	(450, 'Baliadangi', 'বালিয়াডাঙ্গি', 6, 33, '1', 'Active', NULL, NULL, NULL, NULL, NULL, NULL),
	(451, 'Haripur', 'হরিপুর', 6, 33, '1', 'Active', NULL, NULL, NULL, NULL, NULL, NULL),
	(456, '', 'বালাগঞ্জ', 7, 54, '1', 'Active', NULL, NULL, NULL, NULL, NULL, NULL),
	(457, '', 'বিয়ানীবাজার', 7, 54, '1', 'Active', NULL, NULL, NULL, NULL, NULL, NULL),
	(458, '', 'বিশ্বনাথ', 7, 54, '1', 'Active', NULL, NULL, NULL, NULL, NULL, NULL),
	(459, '', 'ফেঞ্চুগঞ্জ', 7, 54, '1', 'Active', NULL, NULL, NULL, NULL, NULL, NULL),
	(460, '', 'কোম্পানীগঞ্জ(সি)', 7, 54, '1', 'Active', NULL, NULL, NULL, NULL, NULL, NULL),
	(461, '', 'গোয়াইঘাট', 7, 54, '1', 'Active', NULL, NULL, NULL, NULL, NULL, NULL),
	(462, '', 'জৈন্তাপুর', 7, 54, '1', 'Active', NULL, NULL, NULL, NULL, NULL, NULL),
	(463, '', 'কানাইঘাট', 7, 54, '1', 'Active', NULL, NULL, NULL, NULL, NULL, NULL),
	(464, '', 'সিলেট সদর', 7, 54, '1', 'Active', NULL, NULL, NULL, NULL, NULL, NULL),
	(465, '', 'জকিগঞ্জ', 7, 54, '1', 'Active', NULL, NULL, NULL, NULL, NULL, NULL),
	(467, '', 'আজমিরিগঞ্জ', 7, 51, '1', 'Active', NULL, NULL, NULL, NULL, NULL, NULL),
	(468, '', 'বানিয়াচং', 7, 51, '1', 'Active', NULL, NULL, NULL, NULL, NULL, NULL),
	(469, '', 'বাহুবল', 7, 51, '1', 'Active', NULL, NULL, NULL, NULL, NULL, NULL),
	(470, '', 'চুনারুঘাট', 7, 51, '1', 'Active', NULL, NULL, NULL, NULL, NULL, NULL),
	(471, '', 'হবিগঞ্জ সদর', 7, 51, '1', 'Active', NULL, NULL, NULL, NULL, NULL, NULL),
	(472, '', 'লাখাই', 7, 51, '1', 'Active', NULL, NULL, NULL, NULL, NULL, NULL),
	(473, '', 'নবীগঞ্জ', 7, 51, '1', 'Active', NULL, NULL, NULL, NULL, NULL, NULL),
	(474, '', 'মাধবপুর', 7, 51, '1', 'Active', NULL, NULL, NULL, NULL, NULL, NULL),
	(475, '', 'বিশ্বম্ভরপুর', 7, 53, '1', 'Active', NULL, NULL, NULL, NULL, NULL, NULL),
	(476, '', 'ছাতক', 7, 53, '1', 'Active', NULL, NULL, NULL, NULL, NULL, NULL),
	(477, '', 'দিরাই', 7, 53, '1', 'Active', NULL, NULL, NULL, NULL, NULL, NULL),
	(478, '', 'ধর্মপাশা', 7, 53, '1', 'Active', NULL, NULL, NULL, NULL, NULL, NULL),
	(479, '', 'দোয়ারাবাজার', 7, 53, '1', 'Active', NULL, NULL, NULL, NULL, NULL, NULL),
	(480, '', 'জগন্নাথপুর', 7, 53, '1', 'Active', NULL, NULL, NULL, NULL, NULL, NULL),
	(481, '', 'জামালগঞ্জ', 7, 53, '1', 'Active', NULL, NULL, NULL, NULL, NULL, NULL),
	(482, '', 'তাহিরপুর', 7, 53, '1', 'Active', NULL, NULL, NULL, NULL, NULL, NULL),
	(483, '', 'শাল্লা', 7, 53, '1', 'Active', NULL, NULL, NULL, NULL, NULL, NULL),
	(484, '', 'সুনামগঞ্জ সদর', 7, 53, '1', 'Active', NULL, NULL, NULL, NULL, NULL, NULL),
	(485, '', 'বড়লেখা', 7, 52, '1', 'Active', NULL, NULL, NULL, NULL, NULL, NULL),
	(486, '', 'কুলাউড়া', 7, 52, '1', 'Active', NULL, NULL, NULL, NULL, NULL, NULL),
	(487, '', 'রাজানগর', 7, 52, '1', 'Active', NULL, NULL, NULL, NULL, NULL, NULL),
	(488, '', 'কমলগঞ্জ', 7, 52, '1', 'Active', NULL, NULL, NULL, NULL, NULL, NULL),
	(489, '', 'শ্রীমঙ্গল', 7, 52, '1', 'Active', NULL, NULL, NULL, NULL, NULL, NULL),
	(490, '', 'মৌলভীবাজার সদর', 7, 52, '1', 'Active', NULL, NULL, NULL, NULL, NULL, NULL),
	(491, '', 'জুড়ি', 7, 52, '1', 'Active', NULL, NULL, NULL, NULL, NULL, NULL),
	(492, '', 'গোলাপগঞ্জ', 7, 54, '1', 'Active', NULL, NULL, NULL, NULL, NULL, NULL),
	(493, '', 'শায়েস্তাগঞ্জ', 7, 51, '1', 'Active', NULL, NULL, NULL, NULL, NULL, NULL),
	(495, '', 'বাকলিয়া', 2, 43, '1', 'Active', NULL, NULL, 1, NULL, '2021-05-22 18:35:42', '2021-05-22 18:35:42'),
	(497, '', 'চান্দগাও', 2, 43, '1', 'Active', NULL, NULL, NULL, NULL, NULL, NULL),
	(511, '', 'খুলশি', 2, 43, '1', 'Active', NULL, NULL, NULL, NULL, NULL, NULL),
	(512, '', 'ডবলমুরিং', 2, 43, '1', 'Active', NULL, NULL, NULL, NULL, NULL, NULL),
	(513, '', 'পতেঙ্গা', 2, 43, '1', 'Active', NULL, NULL, NULL, NULL, NULL, NULL),
	(516, '', 'কর্ণফুলি', 2, 43, '1', 'Active', NULL, NULL, NULL, NULL, NULL, NULL),
	(522, '', 'সাভার', 3, 1, '1', 'Active', NULL, NULL, NULL, NULL, NULL, NULL),
	(523, '', 'ধামরাই', 3, 1, '1', 'Active', NULL, NULL, NULL, NULL, NULL, NULL),
	(526, '', 'কেরানীগঞ্জ মডেল', 3, 1, '1', 'Active', NULL, NULL, NULL, NULL, NULL, NULL),
	(528, '', 'দোহার', 3, 1, '1', 'Active', NULL, NULL, NULL, NULL, NULL, NULL),
	(530, '', 'নবাবগঞ্জ', 3, 1, '1', 'Active', NULL, NULL, NULL, NULL, NULL, NULL),
	(532, '', 'রাজশাহী সদর', 5, 24, '1', 'Active', NULL, NULL, NULL, NULL, NULL, NULL),
	(534, '', 'পাহাড়তলী', 2, 43, '1', 'Active', NULL, NULL, NULL, NULL, NULL, NULL),
	(535, '', 'বায়জিদ বোস্তামি', 2, 43, '1', 'Active', NULL, NULL, NULL, NULL, NULL, NULL),
	(536, 'Khulna Sadar', 'খুলনা সদর', 4, 59, '1', 'Active', NULL, NULL, NULL, NULL, NULL, NULL),
	(537, 'Khalishpur', 'খালিশপুর', 4, 59, '1', 'Active', NULL, NULL, NULL, NULL, NULL, NULL),
	(538, 'Doulatpur', 'দৌলতপুর(খুলনা)', 4, 59, '1', 'Active', NULL, NULL, NULL, NULL, NULL, NULL),
	(539, '', 'বাকলয়িা', 2, 43, '1', 'Active', NULL, NULL, 1, NULL, '2021-05-22 18:35:39', '2021-05-22 18:35:39'),
	(540, '', 'কতোয়ালী', 2, 43, '1', 'Active', NULL, NULL, NULL, NULL, NULL, NULL),
	(541, '', 'চানগাওঁ', 2, 43, '1', 'Active', NULL, NULL, NULL, NULL, NULL, NULL),
	(542, '', 'সীতাকুন্ড', 2, 43, '1', 'Active', NULL, NULL, 1, NULL, '2021-05-22 18:39:01', '2021-05-22 18:39:01'),
	(543, '', 'মোকসুদপুর', 3, 2, '1', 'Active', NULL, NULL, NULL, NULL, NULL, NULL),
	(544, '', 'বোয়ালখালী', 2, 43, '1', 'Active', NULL, NULL, 1, NULL, '2021-05-22 18:36:53', '2021-05-22 18:36:53'),
	(545, '', 'বাশখালী', 2, 43, '1', 'Active', NULL, NULL, 1, NULL, '2021-05-22 18:36:29', '2021-05-22 18:36:29'),
	(546, '', 'মাধবদী', 3, 12, '1', 'Active', NULL, NULL, NULL, NULL, NULL, NULL),
	(547, 'Adabar Thana', 'আদাবর থানা', 3, 65, '1', 'Active', NULL, NULL, NULL, NULL, NULL, NULL),
	(548, 'Azampur Thana', 'আজমপুর থানা', 3, 65, '1', 'Active', NULL, NULL, NULL, NULL, NULL, NULL),
	(549, 'Badda Thana', 'বাড্ডা থানা', 3, 65, '1', 'Active', NULL, NULL, NULL, NULL, NULL, NULL),
	(550, 'Bangsal Thana', 'বংশাল থানা', 3, 65, '1', 'Active', NULL, NULL, NULL, NULL, NULL, NULL),
	(551, 'Bimanbandar Thana (Dhaka)', 'বিমানবন্দর থানা', 3, 65, '1', 'Active', NULL, NULL, NULL, NULL, NULL, NULL),
	(552, 'Cantonment Thana', 'ক্যান্টনমেন্ট থানা', 3, 65, '1', 'Active', NULL, NULL, NULL, NULL, NULL, NULL),
	(553, 'Chowkbazar Thana', 'চকবাজার থানা ', 3, 65, '1', 'Active', NULL, NULL, NULL, NULL, NULL, NULL),
	(554, 'Darus Salam Thana', 'দারুস সালাম থানা ', 3, 65, '1', 'Active', NULL, NULL, NULL, NULL, NULL, NULL),
	(555, 'Demra Thana', 'ডেমরা থানা ', 3, 65, '1', 'Active', NULL, NULL, NULL, NULL, NULL, NULL),
	(556, 'Dhanmondi Thana', 'ধানমন্ডি থানা', 3, 65, '1', 'Active', NULL, NULL, NULL, NULL, NULL, NULL),
	(557, 'Gendaria Thana', 'গেন্ডারিয়া থানা ', 3, 65, '1', 'Active', NULL, NULL, NULL, NULL, NULL, NULL),
	(558, 'Hazaribagh Thana', 'হাজারিবাগ থানা', 3, 65, '1', 'Active', NULL, NULL, NULL, NULL, NULL, NULL),
	(559, 'Kadamtali Thana', 'কদমতলি থানা ', 3, 65, '1', 'Active', NULL, NULL, NULL, NULL, NULL, NULL),
	(560, 'Kafrul Thana', 'কাফরুল থানা ', 3, 65, '1', 'Active', NULL, NULL, NULL, NULL, NULL, NULL),
	(561, 'Kalabagan Thana', 'কলাবাগান থানা ', 3, 65, '1', 'Active', NULL, NULL, NULL, NULL, NULL, NULL),
	(562, 'Kamrangirchar Thana', 'কামরাংগিচর থানা ', 3, 65, '1', 'Active', NULL, NULL, NULL, NULL, NULL, NULL),
	(563, 'Khilgaon Thana', 'খিলগাঁও থানা', 3, 65, '1', 'Active', NULL, NULL, NULL, NULL, NULL, NULL),
	(564, 'Khilkhet Thana', 'খিলখেত থানা', 3, 65, '1', 'Active', NULL, NULL, NULL, NULL, NULL, NULL),
	(565, 'Kotwali Thana (Dhaka)', 'কতোয়াখালি থানা', 3, 65, '1', 'Active', NULL, NULL, NULL, NULL, NULL, NULL),
	(566, 'Lalbagh Thana', 'লালবাগ থানা', 3, 65, '1', 'Active', NULL, NULL, NULL, NULL, NULL, NULL),
	(567, 'Mirpur Model Thana', 'মিরপুর থানা', 3, 65, '1', 'Active', NULL, NULL, NULL, NULL, NULL, NULL),
	(568, 'Mohammadpur Thana', 'মোহাম্মাদপুর থানা', 3, 65, '1', 'Active', NULL, NULL, NULL, NULL, NULL, NULL),
	(569, 'Motijheel Thana', 'মতিঝিল থানা', 3, 65, '1', 'Active', NULL, NULL, NULL, NULL, NULL, NULL),
	(570, 'New Market Thana', 'নিউ মার্কেট থানা', 3, 65, '1', 'Active', NULL, NULL, NULL, NULL, NULL, NULL),
	(571, 'Pallabi Thana', 'পল্লবি থানা', 3, 65, '1', 'Active', NULL, NULL, NULL, NULL, NULL, NULL),
	(572, 'Paltan Thana', 'পল্টন থানা', 3, 65, '1', 'Active', NULL, NULL, NULL, NULL, NULL, NULL),
	(573, 'Panthapath Thana', 'পান্থপথ থানা', 3, 65, '1', 'Active', NULL, NULL, NULL, NULL, NULL, NULL),
	(574, 'Ramna Thana', 'রমনা থানা', 3, 65, '1', 'Active', NULL, NULL, NULL, NULL, NULL, NULL),
	(575, 'Rampura Thana', 'রামপুরা থানা', 3, 65, '1', 'Active', NULL, NULL, NULL, NULL, NULL, NULL),
	(576, 'Sabujbagh Thana', 'সবুজবাগ থানা', 3, 65, '1', 'Active', NULL, NULL, NULL, NULL, NULL, NULL),
	(577, 'Shah Ali Thana', 'সাহ্‌ আলী থানা', 3, 65, '1', 'Active', NULL, NULL, NULL, NULL, NULL, NULL),
	(578, 'Shahbag Thana', 'শাহ্‌বাগ থানা', 3, 65, '1', 'Active', NULL, NULL, NULL, NULL, NULL, NULL),
	(579, 'Sher-e-Bangla Nagar', 'শেরে-ই-বাংলা নগর থানা', 3, 65, '1', 'Active', NULL, NULL, NULL, NULL, NULL, NULL),
	(580, 'Shyampur Thana', 'শ্যামপুর থানা', 3, 65, '1', 'Active', NULL, NULL, NULL, NULL, NULL, NULL),
	(581, 'Sutrapur Thana', 'সুত্রাপুর থানা', 3, 65, '1', 'Active', NULL, NULL, NULL, NULL, NULL, NULL),
	(582, 'Tejgaon Industrial Area Thana', 'তেজগাঁও ইন্ডাস্ট্রিয়াল থানা', 3, 65, '1', 'Active', NULL, NULL, NULL, NULL, NULL, NULL),
	(583, 'Tejgaon Thana', 'তেজগাঁও থানা', 3, 65, '1', 'Active', NULL, NULL, NULL, NULL, NULL, NULL),
	(584, 'Turag Thana', 'তুরাগ থানা', 3, 65, '1', 'Active', NULL, NULL, NULL, NULL, NULL, NULL),
	(585, 'Uttar Khan Thana', 'উত্তর খান থানা', 3, 65, '1', 'Active', NULL, NULL, NULL, NULL, NULL, NULL),
	(586, 'Uttara West Thana', 'উত্তরা পশ্চিম থানা', 3, 65, '1', 'Active', NULL, NULL, NULL, NULL, NULL, NULL),
	(587, 'Vatara Thana', 'ভাটারা থানা', 3, 65, '1', 'Active', NULL, NULL, NULL, NULL, NULL, NULL),
	(588, 'Wari Thana', 'ওয়ারি থানা', 3, 65, '1', 'Active', NULL, NULL, NULL, NULL, NULL, NULL),
	(589, 'Uttara East Thana', 'উত্তরা পূর্ব থানা', 3, 65, '1', 'Active', NULL, NULL, NULL, NULL, NULL, NULL),
	(590, 'Dakshinkhan Thana', 'দক্ষিনখান থানা', 3, 65, '1', 'Active', NULL, NULL, NULL, NULL, NULL, NULL),
	(591, 'Gulshan Thana', 'গুলশান থানা', 3, 65, '1', 'Active', NULL, NULL, NULL, NULL, NULL, NULL),
	(592, 'Banani Thana', 'বনানী থানা', 3, 65, '1', 'Active', NULL, NULL, NULL, NULL, NULL, NULL),
	(593, 'JATRABARI', 'যাত্রাবাড়ী', 3, 65, '1', 'Active', NULL, NULL, NULL, NULL, NULL, NULL),
	(594, 'Akbarshah Thana', 'আকবরশাহ থানা', 2, 66, '1', 'Active', NULL, NULL, NULL, NULL, NULL, NULL),
	(595, 'Bakoliya Thana', 'বাকলিয়া থানা', 2, 66, '1', 'Active', NULL, NULL, NULL, NULL, NULL, NULL),
	(596, 'Bandar Thana', 'বন্দর থানা', 2, 66, '1', 'Active', NULL, NULL, NULL, NULL, NULL, NULL),
	(597, 'Bayazid Thana', 'বায়জিদ  থানা', 2, 66, '1', 'Active', NULL, NULL, NULL, NULL, NULL, NULL),
	(598, 'Bhujpur Thana', 'ভুজপুর থানা', 2, 66, '1', 'Active', NULL, NULL, NULL, NULL, NULL, NULL),
	(599, 'Chandgaon Thana', 'চান্দগাও থানা', 2, 66, '1', 'Active', NULL, NULL, NULL, NULL, NULL, NULL),
	(600, 'Chaowkbazar Thana', 'চকবাজার থানা', 2, 66, '1', 'Active', NULL, NULL, NULL, NULL, NULL, NULL),
	(601, 'Chittagong Kotwali Thana', 'চিটাগাং থানা', 2, 66, '1', 'Active', NULL, NULL, NULL, NULL, NULL, NULL),
	(602, 'Double Mooring Thana', 'ডাবল মর্নিং থানা', 2, 66, '1', 'Active', NULL, NULL, NULL, NULL, NULL, NULL),
	(603, 'EPZ Thana Thana', 'ইপিজেড থানা', 2, 66, '1', 'Active', NULL, NULL, NULL, NULL, NULL, NULL),
	(604, 'Halishahar Thana', 'হালিশাহার থানা', 2, 66, '1', 'Active', NULL, NULL, NULL, NULL, NULL, NULL),
	(605, 'Karnaphuli Thana', 'কর্ণফুলি থানা', 2, 66, '1', 'Active', NULL, NULL, NULL, NULL, NULL, NULL),
	(606, 'Khulshi Thana', 'খুলসি থানা', 2, 66, '1', 'Active', NULL, NULL, NULL, NULL, NULL, NULL),
	(607, 'Kotwali Thana (Chittagong)', 'কতোয়াখালি থানা', 2, 66, '1', 'Active', NULL, NULL, NULL, NULL, NULL, NULL),
	(608, 'Pahartali Thana', 'পাহারতলি থানা', 2, 66, '1', 'Active', NULL, NULL, NULL, NULL, NULL, NULL),
	(609, 'Panchlaish Thana', 'পাঞ্চলাইস থানা', 2, 66, '1', 'Active', NULL, NULL, NULL, NULL, NULL, NULL),
	(610, 'Patenga Thana', 'পতেংগা থানা', 2, 66, '1', 'Active', NULL, NULL, NULL, NULL, NULL, NULL),
	(611, 'Khulna Sadar Thana', 'খুলনা সদর থানা', 4, 68, '1', 'Active', NULL, NULL, NULL, NULL, NULL, NULL),
	(612, 'Sonadanga Thana', 'সোনাডাঙ্গা থানা', 4, 68, '1', 'Active', NULL, NULL, NULL, NULL, NULL, NULL),
	(613, 'Daulatpur Thana', 'দৌলতপুর থানা', 4, 68, '1', 'Active', NULL, NULL, NULL, NULL, NULL, NULL),
	(614, 'Khalishpur Thana', 'খালিশপুর থানা', 4, 68, '1', 'Active', NULL, NULL, NULL, NULL, NULL, NULL),
	(615, 'Khan Jahan Ali Thana', 'খান জাহান আলী থানা', 4, 68, '1', 'Active', NULL, NULL, NULL, NULL, NULL, NULL),
	(616, 'Labanchara Thana', 'লবনছড়া থানা', 4, 68, '1', 'Active', NULL, NULL, NULL, NULL, NULL, NULL),
	(617, 'Harintana Thana', 'হরিণটানা থানা', 4, 68, '1', 'Active', NULL, NULL, NULL, NULL, NULL, NULL),
	(618, 'Aranghata Thana', 'আড়ংঘাটা থানা', 4, 68, '1', 'Active', NULL, NULL, NULL, NULL, NULL, NULL),
	(619, 'Sadar Thana', 'সদর/জয়দেবপুর থানা', 3, 72, '1', 'Active', NULL, NULL, NULL, NULL, NULL, NULL),
	(620, 'Bason Thana', 'বাসন থানা', 3, 72, '1', 'Active', NULL, NULL, NULL, NULL, NULL, NULL),
	(621, 'Konabari Thana', 'কোনাবাড়ী থানা', 3, 72, '1', 'Active', NULL, NULL, NULL, NULL, NULL, NULL),
	(622, 'Kashimpur Thana', 'কাশিমপুর থানা', 3, 72, '1', 'Active', NULL, NULL, NULL, NULL, NULL, NULL),
	(623, 'Gacha Thana', 'গাছা থানা', 3, 72, '1', 'Active', NULL, NULL, NULL, NULL, NULL, NULL),
	(624, 'Pubail Thana', 'পূবাইল থানা', 3, 72, '1', 'Active', NULL, NULL, NULL, NULL, NULL, NULL),
	(625, 'Tongi West Thana', 'টঙ্গী পশ্চিম থানা', 3, 72, '1', 'Active', NULL, NULL, NULL, NULL, NULL, NULL),
	(626, 'Tongi East Thana', 'টঙ্গী পূর্ব থানা', 3, 72, '1', 'Active', NULL, NULL, NULL, NULL, NULL, NULL),
	(627, 'KOTWALI MODEL THANA', 'কোতোয়ালি মডেল থানা', 1, 69, '1', 'Active', NULL, NULL, NULL, NULL, NULL, NULL),
	(628, 'AIRPORT THANA (BARISHAL)', 'বিমানবন্দর থানা (বরিশাল)', 1, 69, '1', 'Active', NULL, NULL, NULL, NULL, NULL, NULL),
	(629, 'KAWNIA THANA', 'কাউনিয়া থানা', 1, 69, '1', 'Active', NULL, NULL, NULL, NULL, NULL, NULL),
	(630, 'BANDAR THANA (BASISHAL)', 'বন্দর থানা (বরিশাল)', 1, 69, '1', 'Active', NULL, NULL, NULL, NULL, NULL, NULL),
	(631, 'RUPATALI THANA', 'রুপতালী থানা', 1, 69, '1', 'Active', NULL, NULL, NULL, NULL, NULL, NULL),
	(632, 'BARISAL UNIVERSITY THANA', 'বরিশাল বিশ্ববিদ্যালয় থানা', 1, 69, '1', 'Active', NULL, NULL, NULL, NULL, NULL, NULL),
	(633, 'CHARMONAI THANA', 'চরমোনাই থানা', 1, 69, '1', 'Active', NULL, NULL, NULL, NULL, NULL, NULL),
	(634, 'KASHIPUR THANA', 'কাশীপুর থানা', 1, 69, '1', 'Active', NULL, NULL, NULL, NULL, NULL, NULL),
	(635, 'BOALIA THANA', 'বোয়ালিয়া থানা', 5, 67, '1', 'Active', NULL, NULL, NULL, NULL, NULL, NULL),
	(636, 'RAJPARA THANA', 'রাজপাড়া থানা', 5, 67, '1', 'Active', NULL, NULL, NULL, NULL, NULL, NULL),
	(637, 'MOTIHAR THANA', 'মতিহার থানা', 5, 67, '1', 'Active', NULL, NULL, NULL, NULL, NULL, NULL),
	(638, 'SHAHMUKHDUM THANA', 'শাহমখদুম থানা', 5, 67, '1', 'Active', NULL, NULL, NULL, NULL, NULL, NULL),
	(639, 'CHANDRIMA THANA', 'চন্দ্রিমা থানা', 5, 67, '1', 'Active', NULL, NULL, NULL, NULL, NULL, NULL),
	(640, 'KASIADANGA THANA', 'কাসিয়াডাঙ্গা থানা', 5, 67, '1', 'Active', NULL, NULL, NULL, NULL, NULL, NULL),
	(641, 'KATAKHALI THANA', 'কাটাখালী থানা', 5, 67, '1', 'Active', NULL, NULL, NULL, NULL, NULL, NULL),
	(642, 'BELPUKUR THANA', 'বেলপুকুর থানা', 5, 67, '1', 'Active', NULL, NULL, NULL, NULL, NULL, NULL),
	(643, 'AIRPORT THANA (RAJSHAHI)', 'বিমানবন্দর থানা (রাজশাহী)', 5, 67, '1', 'Active', NULL, NULL, NULL, NULL, NULL, NULL),
	(644, 'KARNAHAR THANA', 'করমহর থানা', 5, 67, '1', 'Active', NULL, NULL, NULL, NULL, NULL, NULL),
	(645, 'DAMKURA THANA', 'দামকুঁড়া থানা', 5, 67, '1', 'Active', NULL, NULL, NULL, NULL, NULL, NULL),
	(646, 'PABA THANA', 'পবা থানা', 5, 67, '1', 'Active', NULL, NULL, NULL, NULL, NULL, NULL),
	(647, 'KOTWALI THANA', 'কোতয়ালি থানা', 6, 71, '1', 'Active', NULL, NULL, NULL, NULL, NULL, NULL),
	(648, 'PARSHURAM THANA', 'পরশুরাম থানা', 6, 71, '1', 'Active', NULL, NULL, NULL, NULL, NULL, NULL),
	(649, 'HARAGACH THANA', 'হারাগাছ থানা', 6, 71, '1', 'Active', NULL, NULL, NULL, NULL, NULL, NULL),
	(650, 'TAJHAT THANA', 'তাজহাট থানা', 6, 71, '1', 'Active', NULL, NULL, NULL, NULL, NULL, NULL),
	(651, 'MAHIGANJ THANA', 'মাহিগঞ্জ থানা', 6, 71, '1', 'Active', NULL, NULL, NULL, NULL, NULL, NULL),
	(652, 'HAJIRHAT THANA', 'হাজীরহাট থানা', 6, 71, '1', 'Active', NULL, NULL, NULL, NULL, NULL, NULL),
	(653, 'KOTWALI MODEL THANA (SYLHET)', 'কোতোয়ালি মডেল থানা  (সিলেট)', 8, 70, '1', 'Active', NULL, NULL, NULL, NULL, NULL, NULL),
	(654, 'JALALABAD THANA', 'জালালাবাদ থানা', 8, 70, '1', 'Active', NULL, NULL, NULL, NULL, NULL, NULL),
	(655, 'AIRPORT THANA (SYLHET)', 'বিমানবন্দর থানা (সিলেট)', 8, 70, '1', 'Active', NULL, NULL, NULL, NULL, NULL, NULL),
	(656, 'MOGLABAZAR THANA', 'মোগলাবাজার থানা', 8, 70, '1', 'Active', NULL, NULL, NULL, NULL, NULL, NULL),
	(657, 'SOUTH SURMA THANA', 'দক্ষিণ সুরমা থানা', 8, 70, '1', 'Active', NULL, NULL, NULL, NULL, NULL, NULL),
	(658, 'SHAH PORAN (R.) THANA', 'শাহ পোরাণ (আর) থানা', 8, 70, '1', 'Active', NULL, NULL, NULL, NULL, NULL, NULL),
	(659, 'Bhasantek Thana', 'ভাষানটেক থানা', 3, 65, '1', 'Active', 1, NULL, NULL, '2021-05-04 05:37:04', '2021-05-04 05:37:04', NULL),
	(660, '', 'রাণীশংকৈল', 6, 33, '4', 'Active', 1, NULL, NULL, '2021-05-24 14:31:04', '2021-05-24 14:31:04', NULL),
	(661, '', 'ফতুল্লা', 3, 11, '4', 'Active', 10, NULL, NULL, '2021-08-24 15:40:47', '2021-08-24 15:40:47', NULL),
	(662, '', 'বন্দর', 2, 43, '4', 'Active', 10, NULL, NULL, '2021-08-25 09:38:12', '2021-08-25 09:38:12', NULL),
	(663, '', 'বিরল', 6, 26, '7', 'Active', 10, NULL, NULL, '2021-08-26 11:47:33', '2021-08-26 11:47:33', NULL),
	(664, '', 'চিলাহাটি', 6, 30, '4', 'Active', 10, NULL, NULL, '2021-08-26 11:57:09', '2021-08-26 11:57:09', NULL);

-- Dumping structure for table ghorer_menu.branches
CREATE TABLE IF NOT EXISTS `branches` (
  `id` bigint unsigned NOT NULL AUTO_INCREMENT,
  `name` varchar(255) CHARACTER SET utf8mb4 COLLATE utf8mb4_unicode_ci NOT NULL,
  `address` text CHARACTER SET utf8mb4 COLLATE utf8mb4_unicode_ci NOT NULL,
  `image` varchar(255) COLLATE utf8mb4_unicode_ci DEFAULT NULL,
  `latitude` decimal(10,8) NOT NULL,
  `longitude` decimal(11,8) NOT NULL,
  `opening_hours` json NOT NULL,
  `district_id` int NOT NULL,
  `thana_id` int NOT NULL,
  `contact_number` varchar(255) CHARACTER SET utf8mb4 COLLATE utf8mb4_unicode_ci NOT NULL,
  `delivery_radius` decimal(8,2) NOT NULL DEFAULT '5.00',
  `is_active` tinyint(1) NOT NULL DEFAULT '1',
  `created_at` timestamp NULL DEFAULT NULL,
  `updated_at` timestamp NULL DEFAULT NULL,
  `deleted_at` timestamp NULL DEFAULT NULL,
  `local_id` bigint unsigned DEFAULT NULL,
  PRIMARY KEY (`id`),
  KEY `branches_local_id_foreign` (`local_id`),
  CONSTRAINT `branches_local_id_foreign` FOREIGN KEY (`local_id`) REFERENCES `locals` (`id`) ON DELETE CASCADE
) ENGINE=InnoDB AUTO_INCREMENT=29 DEFAULT CHARSET=utf8mb4 COLLATE=utf8mb4_unicode_ci;

-- Dumping data for table ghorer_menu.branches: ~12 rows (approximately)
INSERT INTO `branches` (`id`, `name`, `address`, `image`, `latitude`, `longitude`, `opening_hours`, `district_id`, `thana_id`, `contact_number`, `delivery_radius`, `is_active`, `created_at`, `updated_at`, `deleted_at`, `local_id`) VALUES
	(16, 'Samantha Mendoza', 'Facilis voluptatem e', NULL, 87.00000000, 65.00000000, '[{"day": "Monday", "open": "07:05", "close": "05:40", "lunch": {"end": "03:13", "start": "02:55"}, "dinner": {"end": "05:02", "start": "15:05"}, "breakfast": {"end": "09:21", "start": "20:30"}}]', 66, 603, '403', 29.00, 1, '2025-05-24 07:23:07', '2025-05-24 07:23:07', NULL, NULL),
	(17, 'Audrey Patrick', 'Totam corporis aliqu', NULL, 1.00000000, 7.00000000, '[{"day": "Monday", "open": "10:34", "close": "13:34", "lunch": {"end": "04:36", "start": "05:54"}, "dinner": {"end": "16:17", "start": "19:59"}, "breakfast": {"end": "21:48", "start": "03:22"}}]', 57, 285, '505', 13.00, 1, '2025-05-24 07:24:26', '2025-05-24 07:24:26', NULL, NULL),
	(18, 'Regan Mccall', 'Tenetur porro aut re', NULL, 31.00000000, 21.00000000, '[{"day": "Monday", "open": "01:50", "close": "21:50", "lunch": {"end": "14:00", "start": "13:00"}, "dinner": {"end": "20:28", "start": "18:28"}, "breakfast": {"end": "01:04", "start": "23:13"}}]', 35, 11, '120', 11.00, 1, '2025-05-24 08:18:47', '2025-05-24 08:18:47', NULL, NULL),
	(19, 'Lucy Gilmore', 'Ut itaque dolorum at', NULL, 58.00000000, 9.00000000, '[{"day": "Monday", "open": "21:42", "close": "11:25", "lunch": {"end": "14:00", "start": "13:00"}, "dinner": {"end": "05:24", "start": "08:21"}, "breakfast": {"end": "03:12", "start": "23:20"}}]', 57, 285, '446', 40.00, 1, '2025-05-24 08:30:46', '2025-05-24 08:30:46', NULL, NULL),
	(20, 'Fresh Kitchen', 'Kawla bazar, Dhaka', NULL, 78.00000000, 89.00000000, '[{"day": "Monday", "open": "09:00", "close": "22:00", "lunch": {"end": "15:00", "start": "13:00"}, "dinner": {"end": "23:00", "start": "18:00"}, "breakfast": {"end": "10:00", "start": "08:00"}}, {"day": "Tuesday", "open": "09:00", "close": "22:00", "lunch": {"end": "15:00", "start": "12:00"}, "dinner": {"end": "22:00", "start": "18:00"}, "breakfast": {"end": "10:00", "start": "08:00"}}]', 65, 590, '01814418723', 5.00, 1, '2025-05-26 05:56:01', '2025-05-26 05:56:01', NULL, NULL),
	(21, 'Arfan Restuarent', 'Ex mollitia non fugi', NULL, 87.00000000, 54.00000000, '[{"day": "Monday", "open": "17:36", "close": "05:47", "lunch": {"end": "15:54", "start": "13:28"}, "dinner": {"end": "23:28", "start": "20:41"}, "breakfast": {"end": "14:04", "start": "16:17"}}, {"day": "Tuesday", "open": "09:00", "close": "22:00", "lunch": {"end": "15:00", "start": "12:00"}, "dinner": {"end": "22:00", "start": "18:00"}, "breakfast": {"end": "10:00", "start": "08:00"}}, {"day": "Wednesday", "open": "09:00", "close": "22:00", "lunch": {"end": "15:00", "start": "12:00"}, "dinner": {"end": "22:00", "start": "18:00"}, "breakfast": {"end": "10:00", "start": "08:00"}}]', 65, 547, '845', 9.00, 1, '2025-06-12 12:28:25', '2025-07-06 12:29:55', '2025-07-06 12:29:55', NULL),
	(22, 'Madeson Case', 'Sit officia exercita', NULL, 69.00000000, 36.00000000, '[{"day": "Monday", "open": "16:39", "close": "11:13", "lunch": {"end": "22:12", "start": "20:23"}, "dinner": {"end": "11:58", "start": "21:13"}, "breakfast": {"end": "13:41", "start": "20:52"}}, {"day": "Tuesday", "open": "09:00", "close": "22:00", "lunch": {"end": "15:00", "start": "12:00"}, "dinner": {"end": "22:00", "start": "18:00"}, "breakfast": {"end": "10:00", "start": "08:00"}}]', 72, 619, '741', 43.00, 1, '2025-06-27 14:04:26', '2025-06-27 14:04:26', NULL, NULL),
	(23, 'Mamoon', 'Eum ut quia magni la', NULL, 10.00000000, 4.00000000, '[{"day": "Monday", "open": "17:46", "close": "17:59", "lunch": {"end": "22:10", "start": "02:59"}, "dinner": {"end": "03:38", "start": "10:22"}, "breakfast": {"end": "00:05", "start": "01:21"}}, {"day": "Tuesday", "open": "09:00", "close": "22:00", "lunch": {"end": "15:00", "start": "12:00"}, "dinner": {"end": "22:00", "start": "18:00"}, "breakfast": {"end": "10:00", "start": "08:00"}}]', 72, 619, '279', 13.00, 1, '2025-06-27 14:06:07', '2025-06-27 14:06:07', NULL, 2),
	(24, 'Chaim Schneider', 'Iste sint porro magn', NULL, 31.00000000, 3.00000000, '[{"day": "Monday", "open": "04:09", "close": "12:23", "lunch": {"end": "13:26", "start": "04:32"}, "dinner": {"end": "22:33", "start": "16:42"}, "breakfast": {"end": "16:05", "start": "13:23"}}]', 72, 621, '473', 29.00, 1, '2025-06-29 08:33:45', '2025-07-06 14:33:07', NULL, 2),
	(25, 'Dorian Marks', 'Magna facilis ullam', NULL, 25.00000000, 34.00000000, '[{"day": "Monday", "open": "13:16", "close": "13:54", "lunch": {"end": "22:02", "start": "11:52"}, "dinner": {"end": "22:22", "start": "17:42"}, "breakfast": {"end": "04:32", "start": "18:05"}}]', 65, 567, '804', 50.00, 1, '2025-06-29 08:45:55', '2025-06-29 08:45:55', NULL, 14),
	(26, 'Famous', 'Rerum excepturi sed', NULL, 20.00000000, 70.00000000, '[{"day": "Monday", "open": "23:37", "close": "09:38", "lunch": {"end": "04:00", "start": "21:04"}, "dinner": {"end": "11:26", "start": "19:54"}, "breakfast": {"end": "04:50", "start": "08:14"}}]', 66, 597, '975', 42.00, 1, '2025-07-06 14:37:24', '2025-07-06 14:37:24', NULL, NULL),
	(28, 'May Craig', 'Nostrud quo rerum vo', 'uploads/OwXJHvlz3k9A072KkvLQ3wmIrbJItLeCNV8ZpdCy.jpg', 32.00000000, 61.00000000, '[{"day": "Monday", "open": "12:28", "close": "16:40", "lunch": {"end": "02:56", "start": "17:43"}, "dinner": {"end": "10:24", "start": "11:13"}, "breakfast": {"end": "09:33", "start": "21:33"}}]', 66, 599, '276', 40.00, 1, '2025-07-08 06:34:30', '2025-07-08 06:34:30', NULL, NULL);

-- Dumping structure for table ghorer_menu.cache
CREATE TABLE IF NOT EXISTS `cache` (
  `key` varchar(255) CHARACTER SET utf8mb4 COLLATE utf8mb4_unicode_ci NOT NULL,
  `value` mediumtext CHARACTER SET utf8mb4 COLLATE utf8mb4_unicode_ci NOT NULL,
  `expiration` int NOT NULL,
  PRIMARY KEY (`key`)
) ENGINE=InnoDB DEFAULT CHARSET=utf8mb4 COLLATE=utf8mb4_unicode_ci;

-- Dumping data for table ghorer_menu.cache: ~2 rows (approximately)
INSERT INTO `cache` (`key`, `value`, `expiration`) VALUES
	('09876543210|127.0.0.1', 'i:1;', 1751816746),
	('09876543210|127.0.0.1:timer', 'i:1751816746;', 1751816746);

-- Dumping structure for table ghorer_menu.cache_locks
CREATE TABLE IF NOT EXISTS `cache_locks` (
  `key` varchar(255) CHARACTER SET utf8mb4 COLLATE utf8mb4_unicode_ci NOT NULL,
  `owner` varchar(255) CHARACTER SET utf8mb4 COLLATE utf8mb4_unicode_ci NOT NULL,
  `expiration` int NOT NULL,
  PRIMARY KEY (`key`)
) ENGINE=InnoDB DEFAULT CHARSET=utf8mb4 COLLATE=utf8mb4_unicode_ci;

-- Dumping data for table ghorer_menu.cache_locks: ~0 rows (approximately)

-- Dumping structure for table ghorer_menu.categories
CREATE TABLE IF NOT EXISTS `categories` (
  `id` bigint unsigned NOT NULL AUTO_INCREMENT,
  `name` varchar(255) CHARACTER SET utf8mb4 COLLATE utf8mb4_unicode_ci NOT NULL,
  `description` text CHARACTER SET utf8mb4 COLLATE utf8mb4_unicode_ci,
  `image_path` varchar(255) CHARACTER SET utf8mb4 COLLATE utf8mb4_unicode_ci DEFAULT NULL,
  `sort_order` int NOT NULL DEFAULT '0',
  `is_active` tinyint(1) NOT NULL DEFAULT '1',
  `created_at` timestamp NULL DEFAULT NULL,
  `updated_at` timestamp NULL DEFAULT NULL,
  `deleted_at` timestamp NULL DEFAULT NULL,
  PRIMARY KEY (`id`)
) ENGINE=InnoDB AUTO_INCREMENT=8 DEFAULT CHARSET=utf8mb4 COLLATE=utf8mb4_unicode_ci;

-- Dumping data for table ghorer_menu.categories: ~5 rows (approximately)
INSERT INTO `categories` (`id`, `name`, `description`, `image_path`, `sort_order`, `is_active`, `created_at`, `updated_at`, `deleted_at`) VALUES
	(1, 'Burger', 'Nothing just test', 'categories/JAvjfO8tdj8ekTEbhM2sJ9FB7V0WFugY0SjG5Fni.png', 0, 0, '2024-10-29 00:34:07', '2024-10-29 00:55:48', '2024-10-29 00:55:48'),
	(2, 'Hello test', 'Nothing', 'categories/TNglchh6keFtUvcsSKe9tw8KALB6wWUoTUx4W2P6.jpg', 0, 1, '2024-10-29 00:56:27', '2025-05-25 11:04:50', '2025-05-25 11:04:50'),
	(3, 'Test Category', 'Test Category Description', 'categories/rG4j0uIPvuNS48320Xws7QR0Pu0u2ip8MlKHalML.png', 0, 1, '2025-05-18 08:14:39', '2025-05-25 11:04:55', '2025-05-25 11:04:55'),
	(4, 'Breakfast', 'Breakfast description', 'categories/miBSplgqOfNooOWqXcs8Bnnqv022gPtniS1PGbDW.png', 1, 1, '2025-05-25 11:04:40', '2025-05-25 11:04:40', NULL),
	(5, 'Launch', 'Launch description', 'categories/BwEd4SQo0aaiZ43jUY4tgjJ5UpUSacDmLX6ODWHa.jpg', 1, 1, '2025-05-25 11:05:50', '2025-05-25 11:05:50', NULL),
	(6, 'Dinner edited', 'Duis voluptatem non', 'categories/nCO3d7SGaC5LPh25QgjdxjMvW3TGH7iTzspNGo4Q.jpg', 50, 1, '2025-05-25 14:29:59', '2025-07-06 12:43:48', NULL),
	(7, 'Dinner', 'Nostrum architecto d', 'categories/WvI6HHBrr31VobsOGNv2oL0qPtaOjcYDEOrw2pDr.jpg', 1, 1, '2025-05-27 12:10:05', '2025-07-06 12:41:28', '2025-07-06 12:41:28');

-- Dumping structure for table ghorer_menu.cities
CREATE TABLE IF NOT EXISTS `cities` (
  `id` bigint unsigned NOT NULL DEFAULT '0',
  `name` varchar(100) NOT NULL,
  `bn_name` varchar(100) DEFAULT NULL,
  `division_id` int unsigned NOT NULL,
  `designation_id` int unsigned DEFAULT NULL,
  `ad_district_id` int unsigned DEFAULT NULL,
  `status` enum('Active','Inactive') DEFAULT 'Active',
  `created_by` int unsigned DEFAULT NULL,
  `updated_by` int unsigned DEFAULT NULL,
  `deleted_by` int unsigned DEFAULT NULL,
  `created_at` datetime DEFAULT NULL,
  `updated_at` datetime DEFAULT NULL,
  `deleted_at` datetime DEFAULT NULL,
  PRIMARY KEY (`id`)
) ENGINE=InnoDB DEFAULT CHARSET=utf8mb4 COLLATE=utf8mb4_0900_ai_ci;

-- Dumping data for table ghorer_menu.cities: ~72 rows (approximately)
INSERT INTO `cities` (`id`, `name`, `bn_name`, `division_id`, `designation_id`, `ad_district_id`, `status`, `created_by`, `updated_by`, `deleted_by`, `created_at`, `updated_at`, `deleted_at`) VALUES
	(1, 'Dhaka', 'ঢাকা', 3, 4, 1, 'Active', NULL, 1, NULL, NULL, '2021-08-18 12:57:15', NULL),
	(2, 'Faridpur', 'ফরিদপুর', 3, 4, 2, 'Active', NULL, 1, NULL, NULL, '2021-08-18 12:58:09', NULL),
	(3, 'Gazipur', 'গাজীপুর', 3, 4, 1, 'Active', NULL, 1, NULL, NULL, '2021-08-18 12:58:36', NULL),
	(4, 'Gopalganj', 'গোপালগঞ্জ', 3, 4, 2, 'Active', NULL, 1, NULL, NULL, '2021-08-18 15:27:09', NULL),
	(5, 'Jamalpur', 'জামালপুর', 8, 4, 5, 'Active', NULL, 1, NULL, NULL, '2021-08-18 12:59:26', NULL),
	(6, 'Kishoreganj', 'কিশোরগঞ্জ', 3, 4, 1, 'Active', NULL, 1, NULL, NULL, '2021-08-18 12:59:44', NULL),
	(7, 'Madaripur', 'মাদারীপুর', 3, 4, 2, 'Active', NULL, 1, NULL, NULL, '2021-08-18 15:27:47', NULL),
	(8, 'Manikganj', 'মানিকগঞ্জ', 3, 4, 1, 'Active', NULL, 1, NULL, NULL, '2021-08-18 13:00:33', NULL),
	(9, 'Munshiganj', 'মুন্সিগঞ্জ', 3, 4, 1, 'Active', NULL, 1, NULL, NULL, '2021-08-18 13:00:49', NULL),
	(10, 'Mymensingh', 'ময়মনসিংহ', 8, 4, 10, 'Active', NULL, 1, NULL, NULL, '2021-08-18 13:01:53', NULL),
	(11, 'Narayanganj', 'নারায়াণগঞ্জ', 3, 4, 1, 'Active', NULL, 1, NULL, NULL, '2021-08-18 13:02:17', NULL),
	(12, 'Narsingdi', 'নরসিংদী', 3, 4, 1, 'Active', NULL, 1, NULL, NULL, '2021-08-18 13:02:30', NULL),
	(13, 'Netrokona', 'নেত্রকোনা', 8, 4, 10, 'Active', NULL, 1, NULL, NULL, '2021-08-18 13:02:52', NULL),
	(14, 'Rajbari', 'রাজবাড়ি', 3, 4, 2, 'Active', NULL, 1, NULL, NULL, '2021-08-18 15:28:31', NULL),
	(15, 'Shariatpur', 'শরীয়তপুর', 3, 4, 2, 'Active', NULL, 1, NULL, NULL, '2021-08-18 15:29:11', NULL),
	(16, 'Sherpur', 'শেরপুর', 8, 4, 5, 'Active', NULL, 1, NULL, NULL, '2021-08-18 15:30:01', NULL),
	(17, 'Tangail', 'টাঙ্গাইল', 3, 4, 17, 'Active', NULL, 1, NULL, NULL, '2021-08-18 14:31:55', NULL),
	(18, 'Bogra', 'বগুড়া', 5, 4, 18, 'Active', NULL, 1, NULL, NULL, '2021-08-18 15:30:37', NULL),
	(19, 'Joypurhat', 'জয়পুরহাট', 5, 4, 18, 'Active', NULL, 1, NULL, NULL, '2021-08-18 15:30:56', NULL),
	(20, 'Naogaon', 'নওগাঁ', 5, 4, 24, 'Active', NULL, 1, NULL, NULL, '2021-08-18 14:33:17', NULL),
	(21, 'Natore', 'নাটোর', 5, 4, 24, 'Active', NULL, 1, NULL, NULL, '2021-08-18 14:33:28', NULL),
	(22, 'Nawabganj', 'চাঁপাইনবাবগঞ্জ', 5, 4, 24, 'Active', NULL, 1, NULL, NULL, '2021-08-18 14:33:48', NULL),
	(23, 'Pabna', 'পাবনা', 5, 4, 23, 'Active', NULL, 1, NULL, NULL, '2021-08-18 14:34:36', NULL),
	(24, 'Rajshahi', 'রাজশাহী', 5, 4, 24, 'Active', NULL, 1, NULL, NULL, '2021-08-18 14:34:50', NULL),
	(25, 'Sirajgonj', 'সিরাজগঞ্জ', 5, 4, 23, 'Active', NULL, 1, NULL, NULL, '2021-08-18 14:35:11', NULL),
	(26, 'Dinajpur', 'দিনাজপুর', 6, 4, 26, 'Active', NULL, 1, NULL, NULL, '2021-08-18 15:31:47', NULL),
	(27, 'Gaibandha', 'গাইবান্ধা', 6, 4, 32, 'Active', NULL, 1, NULL, NULL, '2021-08-18 14:40:06', NULL),
	(28, 'Kurigram', 'কুড়িগ্রাম', 6, 4, 32, 'Active', NULL, 1, NULL, NULL, '2021-08-18 14:56:22', NULL),
	(29, 'Lalmonirhat', 'লালমনিরহাট', 6, 4, 32, 'Active', NULL, 1, NULL, NULL, '2021-08-18 14:56:43', NULL),
	(30, 'Nilphamari', 'নীলফামারী', 6, 4, 32, 'Active', NULL, 1, NULL, NULL, '2021-08-18 14:57:30', NULL),
	(31, 'Panchagarh', 'পঞ্চগড়', 6, 4, 26, 'Active', NULL, 1, NULL, NULL, '2021-08-18 15:32:21', NULL),
	(32, 'Rangpur', 'রংপুর', 6, 4, 32, 'Active', NULL, 1, NULL, NULL, '2021-08-18 14:58:08', NULL),
	(33, 'Thakurgaon', 'ঠাকুরগাঁও', 6, 4, 26, 'Active', NULL, 1, NULL, NULL, '2021-08-18 15:32:45', NULL),
	(34, 'Barguna', 'বরগুনা', 1, 4, 38, 'Active', NULL, 1, NULL, NULL, '2021-08-18 15:32:58', NULL),
	(35, 'Barisal', 'বরিশাল', 1, 4, 35, 'Active', NULL, 1, NULL, NULL, '2021-08-18 14:59:01', NULL),
	(36, 'Bhola', 'ভোলা', 1, 4, 35, 'Active', NULL, 1, NULL, NULL, '2021-08-18 14:59:10', NULL),
	(37, 'Jhalokati', 'ঝালকাঠি', 1, 4, 35, 'Active', NULL, 1, NULL, NULL, '2021-08-18 14:59:19', NULL),
	(38, 'Patuakhali', 'পটুয়াখালী', 1, 4, 38, 'Active', NULL, 1, NULL, NULL, '2021-08-18 14:59:31', NULL),
	(39, 'Pirojpur', 'পিরোজপুর', 1, 4, 35, 'Active', NULL, 1, NULL, NULL, '2021-08-18 14:59:47', NULL),
	(40, 'Bandarban', 'বান্দরবান', 2, 4, 40, 'Active', NULL, 1, NULL, NULL, '2021-08-18 15:00:00', NULL),
	(41, 'Brahmanbaria', 'ব্রাহ্মণবাড়িয়া', 2, 4, 44, 'Active', NULL, 1, NULL, NULL, '2021-08-18 15:00:12', NULL),
	(42, 'Chandpur', 'চাঁদপুর', 2, 4, 44, 'Active', NULL, 1, NULL, NULL, '2021-08-18 15:00:34', NULL),
	(43, 'Chittagong', 'চট্টগ্রাম', 2, 4, 43, 'Active', NULL, 1, NULL, NULL, '2021-08-18 15:00:56', NULL),
	(44, 'Comilla', 'কুমিল্লা', 2, 4, 44, 'Active', NULL, 1, NULL, NULL, '2021-08-18 15:01:04', NULL),
	(45, 'Cox\'s Bazar', 'কক্স বাজার', 2, 4, 43, 'Active', NULL, 1, NULL, NULL, '2021-08-18 15:01:30', NULL),
	(46, 'Feni', 'ফেনী', 2, 4, 49, 'Active', NULL, 1, NULL, NULL, '2021-08-18 15:03:15', NULL),
	(47, 'Khagrachari', 'খাগড়াছড়ি', 2, 4, 50, 'Active', NULL, 1, NULL, NULL, '2021-08-18 15:04:43', NULL),
	(48, 'Lakshmipur', 'লক্ষ্মীপুর', 2, 4, 49, 'Active', NULL, 1, NULL, NULL, '2021-08-18 15:04:07', NULL),
	(49, 'Noakhali', 'নোয়াখালী', 2, 4, 49, 'Active', NULL, 1, NULL, NULL, '2021-08-18 15:05:29', NULL),
	(50, 'Rangamati', 'রাঙ্গামাটি', 2, 4, 50, 'Active', NULL, 1, NULL, NULL, '2021-08-18 15:05:41', NULL),
	(51, 'Habiganj', 'হবিগঞ্জ', 7, 4, 54, 'Active', NULL, 1, NULL, NULL, '2021-08-18 15:06:13', NULL),
	(52, 'Maulvibazar', 'মৌলভীবাজার', 7, 4, 54, 'Active', NULL, 1, NULL, NULL, '2021-08-18 15:06:25', NULL),
	(53, 'Sunamganj', 'সুনামগঞ্জ', 7, 4, 54, 'Active', NULL, 1, NULL, NULL, '2021-08-18 15:06:36', NULL),
	(54, 'Sylhet', 'সিলেট', 7, 4, 54, 'Active', NULL, 1, NULL, NULL, '2021-08-18 15:06:53', NULL),
	(55, 'Bagerhat', 'বাগেরহাট', 4, 4, 59, 'Active', NULL, 1, NULL, NULL, '2021-08-18 15:07:09', NULL),
	(56, 'Chuadanga', 'চুয়াডাঙ্গা', 4, 4, 60, 'Active', NULL, 1, NULL, NULL, '2021-08-18 15:07:30', NULL),
	(57, 'Jessore', 'যশোর', 4, 4, 57, 'Active', NULL, 1, NULL, NULL, '2021-08-18 15:08:04', NULL),
	(58, 'Jhenaidah', 'ঝিনাইদহ', 4, 4, 57, 'Active', NULL, 1, NULL, NULL, '2021-08-18 15:08:18', NULL),
	(59, 'Khulna', 'খুলনা', 4, 4, 59, 'Active', NULL, 1, NULL, NULL, '2021-08-18 15:08:36', NULL),
	(60, 'Kushtia', 'কুষ্টিয়া', 4, 4, 60, 'Active', NULL, 1, NULL, NULL, '2021-08-18 15:08:53', NULL),
	(61, 'Magura', 'মাগুরা', 4, 4, 57, 'Active', NULL, 1, NULL, NULL, '2021-08-18 15:09:18', NULL),
	(62, 'Meherpur', 'মেহেরপুর', 4, 4, 60, 'Active', NULL, 1, NULL, NULL, '2021-08-18 15:35:35', NULL),
	(63, 'Narail', 'নড়াইল', 4, 4, 57, 'Active', NULL, 1, NULL, NULL, '2021-08-18 15:09:42', NULL),
	(64, 'Satkhira', 'সাতক্ষীরা', 4, 4, 59, 'Active', NULL, 1, NULL, NULL, '2021-08-18 15:09:53', NULL),
	(65, 'Dhaka Metro', 'ঢাকা মেট্রো', 3, 1, 1, 'Active', 1, 1, NULL, '2021-05-03 15:36:04', '2021-08-18 15:11:52', NULL),
	(66, 'Chittagang Metro', 'চট্রগ্রাম মেট্রো', 2, 1, 43, 'Active', 1, 1, NULL, '2021-05-03 15:36:35', '2021-08-18 15:12:20', NULL),
	(67, 'Rajshahi Metro', 'রাজশাহী মেট্রো', 5, 1, 24, 'Active', 1, 1, NULL, '2021-05-03 15:36:50', '2021-08-18 15:12:38', NULL),
	(68, 'Khulna Metro', 'খুলনা মেট্রো', 4, 1, 59, 'Active', 1, 1, NULL, '2021-05-03 15:37:06', '2021-08-18 15:12:51', NULL),
	(69, 'Barishal Metro', 'বরিশাল মেট্রো', 1, 1, 35, 'Active', 1, 1, NULL, '2021-05-03 15:37:24', '2021-08-18 15:13:19', NULL),
	(70, 'Sylhet Metro', 'সিলেট মেট্রো', 7, 1, 54, 'Active', 1, 1, NULL, '2021-05-03 15:37:44', '2021-08-18 15:13:31', NULL),
	(71, 'Rangpur Metro', 'রংপুর মেট্রো', 6, 1, 32, 'Active', 1, 1, NULL, '2021-05-03 15:38:10', '2021-08-18 15:13:50', NULL),
	(72, 'Gazipur Metro', 'গাজীপুর মেট্রো', 3, 1, 1, 'Active', 1, 1, NULL, '2021-05-03 15:38:46', '2021-08-18 15:14:09', NULL);

-- Dumping structure for table ghorer_menu.extra_options
CREATE TABLE IF NOT EXISTS `extra_options` (
  `id` bigint unsigned NOT NULL AUTO_INCREMENT,
  `food_id` bigint unsigned NOT NULL,
  `name` varchar(255) CHARACTER SET utf8mb4 COLLATE utf8mb4_unicode_ci NOT NULL,
  `price` decimal(8,2) NOT NULL,
  `is_available` tinyint(1) NOT NULL DEFAULT '1',
  `sort_order` int NOT NULL DEFAULT '0',
  `created_at` timestamp NULL DEFAULT NULL,
  `updated_at` timestamp NULL DEFAULT NULL,
  `deleted_at` timestamp NULL DEFAULT NULL,
  PRIMARY KEY (`id`),
  KEY `extra_options_food_id_foreign` (`food_id`),
  CONSTRAINT `extra_options_food_id_foreign` FOREIGN KEY (`food_id`) REFERENCES `food` (`id`) ON DELETE CASCADE
) ENGINE=InnoDB AUTO_INCREMENT=5 DEFAULT CHARSET=utf8mb4 COLLATE=utf8mb4_unicode_ci;

-- Dumping data for table ghorer_menu.extra_options: ~3 rows (approximately)
INSERT INTO `extra_options` (`id`, `food_id`, `name`, `price`, `is_available`, `sort_order`, `created_at`, `updated_at`, `deleted_at`) VALUES
	(2, 3, 'salad', 10.00, 1, 0, '2025-05-25 11:08:30', '2025-05-25 11:08:30', NULL),
	(3, 10, 'salad', 5.00, 1, 0, '2025-07-13 16:29:39', '2025-07-13 16:29:39', NULL),
	(4, 10, 'Drinks', 5.00, 1, 1, '2025-07-13 16:29:39', '2025-07-13 16:29:39', NULL);

-- Dumping structure for table ghorer_menu.failed_jobs
CREATE TABLE IF NOT EXISTS `failed_jobs` (
  `id` bigint unsigned NOT NULL AUTO_INCREMENT,
  `uuid` varchar(255) CHARACTER SET utf8mb4 COLLATE utf8mb4_unicode_ci NOT NULL,
  `connection` text CHARACTER SET utf8mb4 COLLATE utf8mb4_unicode_ci NOT NULL,
  `queue` text CHARACTER SET utf8mb4 COLLATE utf8mb4_unicode_ci NOT NULL,
  `payload` longtext CHARACTER SET utf8mb4 COLLATE utf8mb4_unicode_ci NOT NULL,
  `exception` longtext CHARACTER SET utf8mb4 COLLATE utf8mb4_unicode_ci NOT NULL,
  `failed_at` timestamp NOT NULL DEFAULT CURRENT_TIMESTAMP,
  PRIMARY KEY (`id`),
  UNIQUE KEY `failed_jobs_uuid_unique` (`uuid`)
) ENGINE=InnoDB DEFAULT CHARSET=utf8mb4 COLLATE=utf8mb4_unicode_ci;

-- Dumping data for table ghorer_menu.failed_jobs: ~0 rows (approximately)

-- Dumping structure for table ghorer_menu.favorites
CREATE TABLE IF NOT EXISTS `favorites` (
  `id` bigint unsigned NOT NULL AUTO_INCREMENT,
  `user_id` bigint unsigned NOT NULL,
  `food_id` bigint unsigned NOT NULL,
  `created_at` timestamp NULL DEFAULT NULL,
  `updated_at` timestamp NULL DEFAULT NULL,
  PRIMARY KEY (`id`),
  UNIQUE KEY `favorites_user_id_food_id_unique` (`user_id`,`food_id`),
  KEY `favorites_food_id_foreign` (`food_id`),
  CONSTRAINT `favorites_food_id_foreign` FOREIGN KEY (`food_id`) REFERENCES `food` (`id`) ON DELETE CASCADE,
  CONSTRAINT `favorites_user_id_foreign` FOREIGN KEY (`user_id`) REFERENCES `users` (`id`) ON DELETE CASCADE
) ENGINE=InnoDB DEFAULT CHARSET=utf8mb4 COLLATE=utf8mb4_unicode_ci;

-- Dumping data for table ghorer_menu.favorites: ~0 rows (approximately)

-- Dumping structure for table ghorer_menu.food
CREATE TABLE IF NOT EXISTS `food` (
  `id` bigint unsigned NOT NULL AUTO_INCREMENT,
  `branch_id` bigint unsigned NOT NULL,
  `category_id` bigint unsigned NOT NULL,
  `name` varchar(255) CHARACTER SET utf8mb4 COLLATE utf8mb4_unicode_ci NOT NULL,
  `description` text CHARACTER SET utf8mb4 COLLATE utf8mb4_unicode_ci,
  `base_price` decimal(10,2) NOT NULL,
  `preparation_time` int NOT NULL DEFAULT '30',
  `image_path` varchar(255) CHARACTER SET utf8mb4 COLLATE utf8mb4_unicode_ci DEFAULT NULL,
  `is_vegetarian` tinyint(1) NOT NULL DEFAULT '0',
  `is_spicy` tinyint(1) NOT NULL DEFAULT '0',
  `allergens` json DEFAULT NULL,
  `is_available` tinyint(1) NOT NULL DEFAULT '1',
  `sort_order` int NOT NULL DEFAULT '0',
  `created_at` timestamp NULL DEFAULT NULL,
  `updated_at` timestamp NULL DEFAULT NULL,
  `deleted_at` timestamp NULL DEFAULT NULL,
  `created_by` bigint unsigned DEFAULT NULL,
  `half_price` int DEFAULT NULL,
  PRIMARY KEY (`id`),
  KEY `food_branch_id_foreign` (`branch_id`),
  KEY `food_category_id_foreign` (`category_id`),
  KEY `food_created_by_foreign` (`created_by`),
  CONSTRAINT `food_branch_id_foreign` FOREIGN KEY (`branch_id`) REFERENCES `branches` (`id`) ON DELETE CASCADE,
  CONSTRAINT `food_category_id_foreign` FOREIGN KEY (`category_id`) REFERENCES `categories` (`id`) ON DELETE CASCADE,
  CONSTRAINT `food_created_by_foreign` FOREIGN KEY (`created_by`) REFERENCES `users` (`id`) ON DELETE CASCADE
) ENGINE=InnoDB AUTO_INCREMENT=11 DEFAULT CHARSET=utf8mb4 COLLATE=utf8mb4_unicode_ci;

-- Dumping data for table ghorer_menu.food: ~7 rows (approximately)
INSERT INTO `food` (`id`, `branch_id`, `category_id`, `name`, `description`, `base_price`, `preparation_time`, `image_path`, `is_vegetarian`, `is_spicy`, `allergens`, `is_available`, `sort_order`, `created_at`, `updated_at`, `deleted_at`, `created_by`, `half_price`) VALUES
	(3, 16, 4, 'Admin food', 'Breakfast', 150.00, 30, 'foods/KKk5XAiLxkUENzJVuzeLcEZyc9D6T4m1Oqs6lqkB.jpg', 1, 1, NULL, 1, 0, '2025-05-25 11:08:30', '2025-05-25 11:08:30', NULL, 8, NULL),
	(4, 20, 4, 'tEST ITEM', 'ADFSDF', 350.00, 30, 'foods/dhmAvDyhjC3XsdhjLaMJXeXIyFrP5LtLL9upL55T.jpg', 0, 1, NULL, 1, 1, '2025-05-27 16:13:07', '2025-05-27 16:13:07', NULL, 1, NULL),
	(5, 16, 5, 'Food one', 'adfasdf', 250.00, 30, 'foods/p7ndVYM9P22785k5pCrVAHIkCmf4fAtm6trm3Add.png', 0, 1, NULL, 1, 0, '2025-06-11 03:03:12', '2025-06-11 03:03:12', NULL, NULL, NULL),
	(6, 25, 6, 'Birani', 'dfafdfd', 200.00, 20, 'foods/Uvf0DqNBCVTWVGRNKWrQZKKiBPcQrSjkb5J0ZKp9.jpg', 0, 0, NULL, 1, 0, '2025-06-29 09:04:10', '2025-06-29 09:04:10', NULL, NULL, NULL),
	(7, 25, 5, 'Angelica Soto', 'Aliquam tempora magn', 608.00, 15, 'foods/toJ5fj5u90PLbkjhdsnuUjicwbhaivD0UzcoUELi.webp', 0, 0, NULL, 1, 0, '2025-06-29 11:05:13', '2025-06-29 11:05:13', NULL, NULL, NULL),
	(8, 19, 4, 'Food Test', 'Earum aute occaecat', 500.00, 97, 'foods/NOC5w0n1U9a9Gn2jZuFXJ2j6UwnCmrBIRhFED0Ra.jpg', 0, 0, '[]', 1, 0, '2025-07-06 15:01:30', '2025-07-06 15:02:18', NULL, NULL, NULL),
	(9, 28, 5, 'Kylan Murphy', 'Tempora omnis aut re', 635.00, 79, NULL, 0, 0, '[]', 1, 0, '2025-07-13 13:51:39', '2025-07-13 13:51:39', NULL, NULL, NULL),
	(10, 28, 5, 'Brett Mercado', 'Deleniti et aliqua', 120.00, 4, NULL, 0, 0, '[]', 1, 0, '2025-07-13 16:29:39', '2025-07-13 16:29:39', NULL, NULL, 80);

-- Dumping structure for table ghorer_menu.jobs
CREATE TABLE IF NOT EXISTS `jobs` (
  `id` bigint unsigned NOT NULL AUTO_INCREMENT,
  `queue` varchar(255) CHARACTER SET utf8mb4 COLLATE utf8mb4_unicode_ci NOT NULL,
  `payload` longtext CHARACTER SET utf8mb4 COLLATE utf8mb4_unicode_ci NOT NULL,
  `attempts` tinyint unsigned NOT NULL,
  `reserved_at` int unsigned DEFAULT NULL,
  `available_at` int unsigned NOT NULL,
  `created_at` int unsigned NOT NULL,
  PRIMARY KEY (`id`),
  KEY `jobs_queue_index` (`queue`)
) ENGINE=InnoDB DEFAULT CHARSET=utf8mb4 COLLATE=utf8mb4_unicode_ci;

-- Dumping data for table ghorer_menu.jobs: ~0 rows (approximately)

-- Dumping structure for table ghorer_menu.job_batches
CREATE TABLE IF NOT EXISTS `job_batches` (
  `id` varchar(255) CHARACTER SET utf8mb4 COLLATE utf8mb4_unicode_ci NOT NULL,
  `name` varchar(255) CHARACTER SET utf8mb4 COLLATE utf8mb4_unicode_ci NOT NULL,
  `total_jobs` int NOT NULL,
  `pending_jobs` int NOT NULL,
  `failed_jobs` int NOT NULL,
  `failed_job_ids` longtext CHARACTER SET utf8mb4 COLLATE utf8mb4_unicode_ci NOT NULL,
  `options` mediumtext CHARACTER SET utf8mb4 COLLATE utf8mb4_unicode_ci,
  `cancelled_at` int DEFAULT NULL,
  `created_at` int NOT NULL,
  `finished_at` int DEFAULT NULL,
  PRIMARY KEY (`id`)
) ENGINE=InnoDB DEFAULT CHARSET=utf8mb4 COLLATE=utf8mb4_unicode_ci;

-- Dumping data for table ghorer_menu.job_batches: ~0 rows (approximately)

-- Dumping structure for table ghorer_menu.locals
CREATE TABLE IF NOT EXISTS `locals` (
  `id` bigint unsigned NOT NULL AUTO_INCREMENT,
  `name` varchar(255) COLLATE utf8mb4_unicode_ci NOT NULL,
  `city_id` bigint unsigned NOT NULL,
  `area_id` bigint unsigned NOT NULL,
  `created_at` timestamp NULL DEFAULT NULL,
  `updated_at` timestamp NULL DEFAULT NULL,
  PRIMARY KEY (`id`),
  KEY `locals_city_id_foreign` (`city_id`),
  KEY `locals_area_id_foreign` (`area_id`),
  CONSTRAINT `locals_area_id_foreign` FOREIGN KEY (`area_id`) REFERENCES `areas` (`id`) ON DELETE CASCADE,
  CONSTRAINT `locals_city_id_foreign` FOREIGN KEY (`city_id`) REFERENCES `cities` (`id`) ON DELETE CASCADE
) ENGINE=InnoDB AUTO_INCREMENT=15 DEFAULT CHARSET=utf8mb4 COLLATE=utf8mb4_unicode_ci;

-- Dumping data for table ghorer_menu.locals: ~12 rows (approximately)
INSERT INTO `locals` (`id`, `name`, `city_id`, `area_id`, `created_at`, `updated_at`) VALUES
	(2, 'Chowrasta', 72, 619, NULL, NULL),
	(3, 'Test', 72, 621, NULL, NULL),
	(4, 'Another', 72, 621, NULL, NULL),
	(5, 'Final', 72, 623, NULL, NULL),
	(6, 'First User', 72, 623, NULL, NULL),
	(7, 'Marcia Gallagher', 27, 409, NULL, NULL),
	(8, 'Jonas Peters', 72, 624, '2025-06-29 05:16:20', '2025-06-29 05:16:20'),
	(9, 'Yael Ruiz', 39, 37, '2025-06-29 05:21:32', '2025-06-29 05:21:32'),
	(10, 'Yuri Haynes', 42, 63, '2025-06-29 05:22:52', '2025-06-29 05:22:52'),
	(11, 'Samuel Gomez', 55, 273, '2025-06-29 05:24:40', '2025-06-29 05:24:40'),
	(12, 'Ivor Casey', 3, 161, '2025-06-29 05:28:12', '2025-06-29 05:28:12'),
	(13, 'Kiayada Dotson', 25, 388, NULL, NULL),
	(14, 'Mirpur 10', 65, 567, NULL, NULL);

-- Dumping structure for table ghorer_menu.migrations
CREATE TABLE IF NOT EXISTS `migrations` (
  `id` int unsigned NOT NULL AUTO_INCREMENT,
  `migration` varchar(255) CHARACTER SET utf8mb4 COLLATE utf8mb4_unicode_ci NOT NULL,
  `batch` int NOT NULL,
  PRIMARY KEY (`id`)
) ENGINE=InnoDB AUTO_INCREMENT=28 DEFAULT CHARSET=utf8mb4 COLLATE=utf8mb4_unicode_ci;

-- Dumping data for table ghorer_menu.migrations: ~14 rows (approximately)
INSERT INTO `migrations` (`id`, `migration`, `batch`) VALUES
	(1, '0001_01_01_000000_create_users_table', 1),
	(2, '0001_01_01_000001_create_cache_table', 1),
	(3, '0001_01_01_000002_create_jobs_table', 1),
	(4, '2024_10_29_053002_create_categories_table', 1),
	(5, '2024_10_29_053029_create_branches_table', 1),
	(6, '2024_10_29_053101_create_food_table', 1),
	(7, '2024_10_29_053143_create_extra_options_table', 1),
	(8, '2024_10_29_053302_create_orders_table', 1),
	(9, '2024_10_29_053346_create_order_items_table', 1),
	(10, '2024_10_29_053416_create_order_item_extras_table', 1),
	(11, '2024_10_29_053447_create_user_addresses_table', 1),
	(12, '2024_10_29_053518_create_reviews_table', 1),
	(13, '2024_10_29_053552_create_favorites_table', 1),
	(15, '2024_11_07_054652_add_order_type_to_orders_table', 2),
	(16, '2025_05_20_035744_add_district_thana_to_branchs_table', 3),
	(17, '2025_05_26_164351_add_rest_id_to_users_table', 4),
	(18, '2025_06_02_173911_add_create_by_to_foods_table', 5),
	(19, '2025_05_24_110143_add_breakfast_lunch_dinner_to_branch_table', 6),
	(20, '2025_06_11_201727_create_orders_table', 7),
	(21, '2025_06_27_170912_create_locals_table', 8),
	(22, '2025_06_27_194712_add_local_id_to_branchs_table', 9),
	(23, '2025_06_30_104948_add_payment_ref_to_order_table', 10),
	(24, '2025_07_06_152634_make_name_nullable_to_users_table', 11),
	(25, '2025_07_08_121825_add_image_column_to_table_branchs', 12),
	(26, '2025_07_12_191038_change_subtotal_to_nullable_to_orders_table', 13),
	(27, '2025_07_13_214730_add_half_to_food_table', 14);

-- Dumping structure for table ghorer_menu.orders
CREATE TABLE IF NOT EXISTS `orders` (
  `id` bigint unsigned NOT NULL AUTO_INCREMENT,
  `user_id` bigint unsigned NOT NULL,
  `branch_id` bigint unsigned NOT NULL,
  `order_type` enum('delivery','collection') CHARACTER SET utf8mb4 COLLATE utf8mb4_unicode_ci DEFAULT NULL,
  `subtotal` int DEFAULT NULL,
  `delivery_fee` decimal(8,2) DEFAULT NULL,
  `tax` decimal(8,2) DEFAULT NULL,
  `total_amount` decimal(10,2) NOT NULL,
  `delivery_address` text CHARACTER SET utf8mb4 COLLATE utf8mb4_unicode_ci,
  `delivery_latitude` decimal(10,8) DEFAULT NULL,
  `delivery_longitude` decimal(11,8) DEFAULT NULL,
  `status` enum('pending','confirmed','preparing','ready_for_delivery','out_for_delivery','delivered','cancelled') CHARACTER SET utf8mb4 COLLATE utf8mb4_unicode_ci NOT NULL DEFAULT 'pending',
  `payment_status` enum('pending','paid','failed','refunded') CHARACTER SET utf8mb4 COLLATE utf8mb4_unicode_ci NOT NULL DEFAULT 'pending',
  `payment_method` enum('cash','card','upi','wallet','bikash','nogod','rocket') CHARACTER SET utf8mb4 COLLATE utf8mb4_unicode_ci NOT NULL DEFAULT 'cash',
  `paymentRef` varchar(50) COLLATE utf8mb4_unicode_ci DEFAULT NULL,
  `delivery_notes` text CHARACTER SET utf8mb4 COLLATE utf8mb4_unicode_ci,
  `estimated_delivery_time` timestamp NULL DEFAULT NULL,
  `created_at` timestamp NULL DEFAULT NULL,
  `updated_at` timestamp NULL DEFAULT NULL,
  `deleted_at` timestamp NULL DEFAULT NULL,
  PRIMARY KEY (`id`),
  KEY `orders_user_id_foreign` (`user_id`),
  KEY `orders_branch_id_foreign` (`branch_id`),
  CONSTRAINT `orders_branch_id_foreign` FOREIGN KEY (`branch_id`) REFERENCES `branches` (`id`) ON DELETE CASCADE,
  CONSTRAINT `orders_user_id_foreign` FOREIGN KEY (`user_id`) REFERENCES `users` (`id`) ON DELETE CASCADE
) ENGINE=InnoDB AUTO_INCREMENT=71 DEFAULT CHARSET=utf8mb4 COLLATE=utf8mb4_unicode_ci;

-- Dumping data for table ghorer_menu.orders: ~40 rows (approximately)
INSERT INTO `orders` (`id`, `user_id`, `branch_id`, `order_type`, `subtotal`, `delivery_fee`, `tax`, `total_amount`, `delivery_address`, `delivery_latitude`, `delivery_longitude`, `status`, `payment_status`, `payment_method`, `paymentRef`, `delivery_notes`, `estimated_delivery_time`, `created_at`, `updated_at`, `deleted_at`) VALUES
	(26, 1, 16, 'collection', 600, NULL, NULL, 600.00, NULL, NULL, NULL, 'confirmed', 'paid', 'card', NULL, NULL, '2025-05-25 11:29:49', '2025-05-25 11:09:49', '2025-05-25 11:09:49', NULL),
	(27, 1, 20, 'collection', 350, NULL, NULL, 350.00, NULL, NULL, NULL, 'confirmed', 'paid', 'card', NULL, NULL, '2025-05-27 16:33:29', '2025-05-27 16:13:30', '2025-05-27 16:13:30', NULL),
	(28, 9, 20, 'collection', 700, NULL, NULL, 700.00, NULL, NULL, NULL, 'confirmed', 'paid', 'card', NULL, NULL, '2025-05-27 16:42:09', '2025-05-27 16:22:09', '2025-05-27 16:22:09', NULL),
	(29, 7, 20, 'collection', 1050, NULL, NULL, 1050.00, NULL, NULL, NULL, 'confirmed', 'paid', 'card', NULL, NULL, '2025-05-27 16:49:27', '2025-05-27 16:29:27', '2025-05-27 16:29:27', NULL),
	(30, 8, 16, 'collection', 450, NULL, NULL, 450.00, NULL, NULL, NULL, 'confirmed', 'paid', 'card', NULL, NULL, '2025-06-02 14:15:08', '2025-06-02 13:55:08', '2025-06-02 13:55:08', NULL),
	(31, 9, 16, 'collection', 300, NULL, NULL, 300.00, NULL, NULL, NULL, 'confirmed', 'paid', 'card', NULL, NULL, '2025-06-10 13:31:45', '2025-06-10 13:11:45', '2025-06-10 13:11:45', NULL),
	(32, 9, 16, 'collection', 250, NULL, NULL, 250.00, NULL, NULL, NULL, 'confirmed', 'paid', 'card', NULL, NULL, '2025-06-11 03:24:01', '2025-06-11 03:04:02', '2025-06-11 03:04:02', NULL),
	(33, 1, 16, 'collection', 250, NULL, NULL, 250.00, NULL, NULL, NULL, 'confirmed', 'paid', 'cash', NULL, NULL, '2025-06-11 16:17:53', '2025-06-11 15:57:53', '2025-06-11 15:57:53', NULL),
	(34, 1, 16, 'collection', 250, NULL, NULL, 250.00, NULL, NULL, NULL, 'confirmed', 'paid', 'cash', NULL, NULL, '2025-06-11 16:18:50', '2025-06-11 15:58:50', '2025-06-11 15:58:50', NULL),
	(35, 1, 16, 'collection', 150, NULL, NULL, 150.00, NULL, NULL, NULL, 'confirmed', 'paid', 'cash', NULL, NULL, '2025-06-11 16:55:08', '2025-06-11 16:35:08', '2025-06-11 16:35:08', NULL),
	(36, 1, 16, 'collection', 150, NULL, NULL, 150.00, NULL, NULL, NULL, 'confirmed', 'paid', 'cash', NULL, NULL, '2025-06-11 16:56:17', '2025-06-11 16:36:17', '2025-06-11 16:36:17', NULL),
	(37, 1, 16, 'collection', 250, NULL, NULL, 250.00, NULL, NULL, NULL, 'confirmed', 'paid', 'cash', NULL, NULL, '2025-06-11 17:06:40', '2025-06-11 16:46:41', '2025-06-11 16:46:41', NULL),
	(38, 1, 16, 'collection', 150, NULL, NULL, 150.00, NULL, NULL, NULL, 'confirmed', 'paid', 'cash', NULL, NULL, '2025-06-12 02:28:07', '2025-06-12 02:08:07', '2025-06-12 02:08:07', NULL),
	(39, 1, 16, 'delivery', 150, 2.99, NULL, 152.99, 'Bangas', NULL, NULL, 'confirmed', 'paid', 'cash', NULL, NULL, '2025-06-29 04:46:25', '2025-06-29 04:01:26', '2025-06-29 04:01:26', NULL),
	(40, 1, 25, 'collection', 608, NULL, NULL, 608.00, NULL, NULL, NULL, 'confirmed', 'paid', 'cash', NULL, NULL, '2025-06-29 12:34:14', '2025-06-29 12:14:15', '2025-06-29 12:14:15', NULL),
	(41, 1, 25, 'collection', 608, NULL, NULL, 608.00, NULL, NULL, NULL, 'confirmed', 'paid', 'cash', NULL, NULL, '2025-06-29 12:38:18', '2025-06-29 12:18:19', '2025-06-29 12:18:19', NULL),
	(42, 1, 25, 'collection', 608, NULL, NULL, 608.00, NULL, NULL, NULL, 'confirmed', 'paid', 'card', NULL, NULL, '2025-06-29 14:57:00', '2025-06-29 14:37:00', '2025-06-29 14:37:00', NULL),
	(43, 1, 25, 'collection', 200, NULL, NULL, 200.00, NULL, NULL, NULL, 'confirmed', 'paid', 'card', NULL, NULL, '2025-06-29 15:29:53', '2025-06-29 15:09:53', '2025-06-29 15:09:53', NULL),
	(44, 1, 25, 'delivery', 608, 2.99, NULL, 610.99, 'Bangas', NULL, NULL, 'confirmed', 'paid', 'card', NULL, NULL, '2025-06-29 23:26:20', '2025-06-29 22:41:21', '2025-06-29 22:41:21', NULL),
	(45, 1, 25, 'delivery', 608, 2.99, NULL, 610.99, 'Bangas', NULL, NULL, 'confirmed', 'paid', 'cash', NULL, NULL, '2025-06-30 00:18:44', '2025-06-29 23:33:44', '2025-06-29 23:33:44', NULL),
	(46, 1, 25, 'collection', 608, NULL, NULL, 608.00, NULL, NULL, NULL, 'confirmed', 'paid', 'cash', NULL, NULL, '2025-06-30 06:22:12', '2025-06-30 06:02:12', '2025-06-30 06:02:12', NULL),
	(47, 1, 25, 'collection', 200, NULL, NULL, 200.00, NULL, NULL, NULL, 'confirmed', 'paid', 'cash', NULL, NULL, '2025-06-30 00:57:48', '2025-06-30 00:37:48', '2025-06-30 00:37:48', NULL),
	(48, 1, 25, 'collection', 608, NULL, NULL, 608.00, NULL, NULL, NULL, 'confirmed', 'paid', 'cash', NULL, NULL, '2025-06-30 07:04:38', '2025-06-30 06:44:39', '2025-06-30 06:44:39', NULL),
	(49, 1, 25, 'collection', 608, NULL, NULL, 608.00, NULL, NULL, NULL, 'confirmed', 'paid', 'cash', NULL, NULL, '2025-06-30 07:06:55', '2025-06-30 06:46:55', '2025-06-30 06:46:55', NULL),
	(50, 1, 25, 'collection', 608, NULL, NULL, 608.00, NULL, NULL, NULL, 'confirmed', 'paid', 'cash', NULL, NULL, '2025-06-30 07:10:11', '2025-06-30 06:50:11', '2025-06-30 06:50:11', NULL),
	(51, 1, 25, 'collection', 608, NULL, NULL, 608.00, NULL, NULL, NULL, 'confirmed', 'paid', 'cash', NULL, NULL, '2025-06-30 07:41:46', '2025-06-30 07:21:46', '2025-06-30 07:21:46', NULL),
	(52, 1, 25, 'collection', 608, NULL, NULL, 608.00, NULL, NULL, NULL, 'confirmed', 'paid', 'cash', NULL, NULL, '2025-06-30 07:43:22', '2025-06-30 07:23:22', '2025-06-30 07:23:22', NULL),
	(53, 1, 25, 'collection', 608, NULL, NULL, 608.00, NULL, NULL, NULL, 'confirmed', 'paid', 'cash', NULL, NULL, '2025-06-30 07:50:28', '2025-06-30 07:30:28', '2025-06-30 07:30:28', NULL),
	(54, 1, 25, 'collection', 608, NULL, NULL, 608.00, NULL, NULL, NULL, 'confirmed', 'paid', 'cash', NULL, NULL, '2025-06-30 08:00:29', '2025-06-30 07:40:29', '2025-06-30 07:40:29', NULL),
	(55, 1, 25, 'collection', 608, NULL, NULL, 608.00, NULL, NULL, NULL, 'confirmed', 'paid', 'cash', NULL, NULL, '2025-06-30 08:09:16', '2025-06-30 07:49:16', '2025-06-30 07:49:16', NULL),
	(56, 1, 25, 'collection', 608, NULL, NULL, 608.00, NULL, NULL, NULL, 'pending', 'pending', 'rocket', 'rocket321', NULL, '2025-06-30 08:15:12', '2025-06-30 07:55:12', '2025-06-30 07:55:12', NULL),
	(57, 1, 25, 'collection', 608, NULL, NULL, 608.00, NULL, NULL, NULL, 'pending', 'pending', 'nogod', '45445', NULL, '2025-07-01 09:55:48', '2025-07-01 09:35:49', '2025-07-01 09:35:49', NULL),
	(58, 1, 25, 'collection', 608, NULL, NULL, 608.00, NULL, NULL, NULL, 'pending', 'pending', 'bikash', 'asdfsdaf', NULL, '2025-07-01 15:18:36', '2025-07-01 14:58:37', '2025-07-01 14:58:37', NULL),
	(59, 10, 25, 'collection', 608, NULL, NULL, 608.00, NULL, NULL, NULL, 'cancelled', 'pending', 'bikash', 'sadfsadfsdf', NULL, '2025-07-02 10:54:35', '2025-07-02 10:34:35', '2025-07-06 15:44:02', NULL),
	(60, 15, 20, 'collection', 350, NULL, NULL, 350.00, NULL, NULL, NULL, 'pending', 'pending', 'nogod', 'asdfsdaf454', NULL, '2025-07-06 16:26:25', '2025-07-06 16:06:26', '2025-07-06 16:06:26', NULL),
	(61, 16, 20, 'collection', 350, NULL, NULL, 350.00, NULL, NULL, NULL, 'confirmed', 'paid', 'cash', NULL, NULL, '2025-07-06 16:28:08', '2025-07-06 16:08:08', '2025-07-06 16:08:08', NULL),
	(62, 16, 20, 'collection', 350, NULL, NULL, 350.00, NULL, NULL, NULL, 'pending', 'pending', 'bikash', 'afasdfsdf4545', NULL, '2025-07-06 16:52:49', '2025-07-06 16:32:49', '2025-07-06 16:32:49', NULL),
	(63, 16, 20, 'collection', 350, NULL, NULL, 350.00, NULL, NULL, NULL, 'confirmed', 'paid', 'cash', NULL, NULL, '2025-07-06 17:00:05', '2025-07-06 16:40:05', '2025-07-06 16:40:05', NULL),
	(64, 16, 20, 'collection', 350, NULL, NULL, 350.00, NULL, NULL, NULL, 'pending', 'pending', 'nogod', 'cfhfh245', NULL, '2025-07-06 17:09:42', '2025-07-06 16:49:42', '2025-07-06 16:49:42', NULL),
	(65, 1, 25, 'collection', 608, NULL, NULL, 608.00, NULL, NULL, NULL, 'pending', 'pending', 'bikash', 'df', NULL, '2025-07-08 07:51:40', '2025-07-08 07:31:41', '2025-07-08 07:31:41', NULL),
	(66, 1, 25, NULL, 1824, NULL, NULL, 1824.00, NULL, NULL, NULL, 'pending', 'pending', 'nogod', '2kjhkjhkjh', NULL, '2025-07-12 13:40:50', '2025-07-12 13:20:51', '2025-07-12 13:20:51', NULL),
	(67, 1, 25, NULL, 1208, NULL, NULL, 1208.00, NULL, NULL, NULL, 'confirmed', 'paid', 'cash', NULL, NULL, '2025-07-12 14:02:29', '2025-07-12 13:42:29', '2025-07-12 13:42:29', NULL),
	(68, 1, 25, 'delivery', 808, 2.99, NULL, 810.99, 'Bangas', NULL, NULL, 'pending', 'pending', 'bikash', 'mamoonbikash', NULL, '2025-07-12 15:46:40', '2025-07-12 15:01:40', '2025-07-12 15:01:40', NULL),
	(69, 1, 25, 'delivery', 1000, 2.99, NULL, 1002.99, 'Bangas', NULL, NULL, 'confirmed', 'paid', 'cash', NULL, NULL, '2025-07-13 15:38:52', '2025-07-13 14:53:53', '2025-07-13 14:53:53', NULL),
	(70, 17, 25, 'delivery', 808, 2.99, NULL, 810.99, 'assdfsdf', NULL, NULL, 'confirmed', 'paid', 'cash', NULL, NULL, '2025-07-28 07:03:22', '2025-07-28 06:18:24', '2025-07-28 06:18:24', NULL);

-- Dumping structure for table ghorer_menu.order_items
CREATE TABLE IF NOT EXISTS `order_items` (
  `id` bigint unsigned NOT NULL AUTO_INCREMENT,
  `order_id` bigint unsigned NOT NULL,
  `food_id` bigint unsigned NOT NULL,
  `quantity` int NOT NULL,
  `unit_price` decimal(8,2) NOT NULL,
  `subtotal` decimal(10,2) NOT NULL,
  `special_instructions` text CHARACTER SET utf8mb4 COLLATE utf8mb4_unicode_ci,
  `created_at` timestamp NULL DEFAULT NULL,
  `updated_at` timestamp NULL DEFAULT NULL,
  `deleted_at` timestamp NULL DEFAULT NULL,
  PRIMARY KEY (`id`),
  KEY `order_items_order_id_foreign` (`order_id`),
  KEY `order_items_food_id_foreign` (`food_id`),
  CONSTRAINT `order_items_food_id_foreign` FOREIGN KEY (`food_id`) REFERENCES `food` (`id`) ON DELETE CASCADE,
  CONSTRAINT `order_items_order_id_foreign` FOREIGN KEY (`order_id`) REFERENCES `orders` (`id`) ON DELETE CASCADE
) ENGINE=InnoDB AUTO_INCREMENT=73 DEFAULT CHARSET=utf8mb4 COLLATE=utf8mb4_unicode_ci;

-- Dumping data for table ghorer_menu.order_items: ~39 rows (approximately)
INSERT INTO `order_items` (`id`, `order_id`, `food_id`, `quantity`, `unit_price`, `subtotal`, `special_instructions`, `created_at`, `updated_at`, `deleted_at`) VALUES
	(25, 26, 3, 4, 150.00, 600.00, 'shortest possible time', '2025-05-25 11:09:49', '2025-05-25 11:09:49', NULL),
	(26, 27, 4, 1, 350.00, 350.00, 'ADSFSDF', '2025-05-27 16:13:30', '2025-05-27 16:13:30', NULL),
	(27, 28, 4, 2, 350.00, 700.00, 'dfasdf', '2025-05-27 16:22:09', '2025-05-27 16:22:09', NULL),
	(28, 29, 4, 3, 350.00, 1050.00, 'check 420', '2025-05-27 16:29:27', '2025-05-27 16:29:27', NULL),
	(29, 30, 3, 3, 150.00, 450.00, NULL, '2025-06-02 13:55:08', '2025-06-02 13:55:08', NULL),
	(30, 31, 3, 2, 150.00, 300.00, 'asdf', '2025-06-10 13:11:45', '2025-06-10 13:11:45', NULL),
	(31, 32, 5, 1, 250.00, 250.00, NULL, '2025-06-11 03:04:02', '2025-06-11 03:04:02', NULL),
	(32, 33, 5, 1, 250.00, 250.00, NULL, '2025-06-11 15:57:53', '2025-06-11 15:57:53', NULL),
	(33, 34, 5, 1, 250.00, 250.00, NULL, '2025-06-11 15:58:50', '2025-06-11 15:58:50', NULL),
	(34, 35, 3, 1, 150.00, 150.00, NULL, '2025-06-11 16:35:08', '2025-06-11 16:35:08', NULL),
	(35, 36, 3, 1, 150.00, 150.00, NULL, '2025-06-11 16:36:17', '2025-06-11 16:36:17', NULL),
	(36, 37, 5, 1, 250.00, 250.00, NULL, '2025-06-11 16:46:41', '2025-06-11 16:46:41', NULL),
	(37, 38, 3, 1, 150.00, 150.00, NULL, '2025-06-12 02:08:07', '2025-06-12 02:08:07', NULL),
	(38, 39, 3, 1, 150.00, 150.00, NULL, '2025-06-29 04:01:26', '2025-06-29 04:01:26', NULL),
	(39, 40, 7, 1, 608.00, 608.00, NULL, '2025-06-29 12:14:15', '2025-06-29 12:14:15', NULL),
	(40, 41, 7, 1, 608.00, 608.00, NULL, '2025-06-29 12:18:19', '2025-06-29 12:18:19', NULL),
	(41, 42, 7, 1, 608.00, 608.00, NULL, '2025-06-29 14:37:00', '2025-06-29 14:37:00', NULL),
	(42, 43, 6, 1, 200.00, 200.00, NULL, '2025-06-29 15:09:53', '2025-06-29 15:09:53', NULL),
	(43, 44, 7, 1, 608.00, 608.00, NULL, '2025-06-29 22:41:21', '2025-06-29 22:41:21', NULL),
	(44, 45, 7, 1, 608.00, 608.00, NULL, '2025-06-29 23:33:44', '2025-06-29 23:33:44', NULL),
	(45, 46, 7, 1, 608.00, 608.00, NULL, '2025-06-30 06:02:12', '2025-06-30 06:02:12', NULL),
	(46, 47, 6, 1, 200.00, 200.00, NULL, '2025-06-30 00:37:48', '2025-06-30 00:37:48', NULL),
	(47, 48, 7, 1, 608.00, 608.00, NULL, '2025-06-30 06:44:39', '2025-06-30 06:44:39', NULL),
	(48, 49, 7, 1, 608.00, 608.00, NULL, '2025-06-30 06:46:55', '2025-06-30 06:46:55', NULL),
	(49, 50, 7, 1, 608.00, 608.00, NULL, '2025-06-30 06:50:11', '2025-06-30 06:50:11', NULL),
	(50, 51, 7, 1, 608.00, 608.00, NULL, '2025-06-30 07:21:46', '2025-06-30 07:21:46', NULL),
	(51, 52, 7, 1, 608.00, 608.00, NULL, '2025-06-30 07:23:22', '2025-06-30 07:23:22', NULL),
	(52, 53, 7, 1, 608.00, 608.00, NULL, '2025-06-30 07:30:28', '2025-06-30 07:30:28', NULL),
	(53, 54, 7, 1, 608.00, 608.00, NULL, '2025-06-30 07:40:29', '2025-06-30 07:40:29', NULL),
	(54, 55, 7, 1, 608.00, 608.00, NULL, '2025-06-30 07:49:16', '2025-06-30 07:49:16', NULL),
	(55, 56, 7, 1, 608.00, 608.00, NULL, '2025-06-30 07:55:12', '2025-06-30 07:55:12', NULL),
	(56, 57, 7, 1, 608.00, 608.00, NULL, '2025-07-01 09:35:49', '2025-07-01 09:35:49', NULL),
	(57, 58, 7, 1, 608.00, 608.00, NULL, '2025-07-01 14:58:37', '2025-07-01 14:58:37', NULL),
	(58, 59, 7, 1, 608.00, 608.00, NULL, '2025-07-02 10:34:35', '2025-07-02 10:34:35', NULL),
	(59, 60, 4, 1, 350.00, 350.00, NULL, '2025-07-06 16:06:26', '2025-07-06 16:06:26', NULL),
	(60, 61, 4, 1, 350.00, 350.00, NULL, '2025-07-06 16:08:08', '2025-07-06 16:08:08', NULL),
	(61, 62, 4, 1, 350.00, 350.00, NULL, '2025-07-06 16:32:49', '2025-07-06 16:32:49', NULL),
	(62, 63, 4, 1, 350.00, 350.00, NULL, '2025-07-06 16:40:05', '2025-07-06 16:40:05', NULL),
	(63, 64, 4, 1, 350.00, 350.00, NULL, '2025-07-06 16:49:42', '2025-07-06 16:49:42', NULL),
	(64, 65, 7, 1, 608.00, 608.00, NULL, '2025-07-08 07:31:41', '2025-07-08 07:31:41', NULL),
	(65, 66, 7, 3, 608.00, 1824.00, 'mamoon is awesome', '2025-07-12 13:20:51', '2025-07-12 13:20:51', NULL),
	(66, 67, 7, 1, 608.00, 608.00, 'first', '2025-07-12 13:42:29', '2025-07-12 13:42:29', NULL),
	(67, 67, 6, 3, 200.00, 600.00, 'second', '2025-07-12 13:42:29', '2025-07-12 13:42:29', NULL),
	(68, 68, 7, 1, 608.00, 608.00, NULL, '2025-07-12 15:01:40', '2025-07-12 15:01:40', NULL),
	(69, 68, 6, 1, 200.00, 200.00, NULL, '2025-07-12 15:01:40', '2025-07-12 15:01:40', NULL),
	(70, 69, 6, 5, 200.00, 1000.00, NULL, '2025-07-13 14:53:53', '2025-07-13 14:53:53', NULL),
	(71, 70, 6, 1, 200.00, 200.00, NULL, '2025-07-28 06:18:24', '2025-07-28 06:18:24', NULL),
	(72, 70, 7, 1, 608.00, 608.00, NULL, '2025-07-28 06:18:24', '2025-07-28 06:18:24', NULL);

-- Dumping structure for table ghorer_menu.order_item_extras
CREATE TABLE IF NOT EXISTS `order_item_extras` (
  `id` bigint unsigned NOT NULL AUTO_INCREMENT,
  `order_item_id` bigint unsigned NOT NULL,
  `extra_option_id` bigint unsigned NOT NULL,
  `quantity` int NOT NULL,
  `unit_price` decimal(8,2) NOT NULL,
  `created_at` timestamp NULL DEFAULT NULL,
  `updated_at` timestamp NULL DEFAULT NULL,
  `deleted_at` timestamp NULL DEFAULT NULL,
  PRIMARY KEY (`id`),
  KEY `order_item_extras_order_item_id_foreign` (`order_item_id`),
  KEY `order_item_extras_extra_option_id_foreign` (`extra_option_id`),
  CONSTRAINT `order_item_extras_extra_option_id_foreign` FOREIGN KEY (`extra_option_id`) REFERENCES `extra_options` (`id`) ON DELETE CASCADE,
  CONSTRAINT `order_item_extras_order_item_id_foreign` FOREIGN KEY (`order_item_id`) REFERENCES `order_items` (`id`) ON DELETE CASCADE
) ENGINE=InnoDB AUTO_INCREMENT=2 DEFAULT CHARSET=utf8mb4 COLLATE=utf8mb4_unicode_ci;

-- Dumping data for table ghorer_menu.order_item_extras: ~0 rows (approximately)

-- Dumping structure for table ghorer_menu.password_reset_tokens
CREATE TABLE IF NOT EXISTS `password_reset_tokens` (
  `email` varchar(255) CHARACTER SET utf8mb4 COLLATE utf8mb4_unicode_ci NOT NULL,
  `token` varchar(255) CHARACTER SET utf8mb4 COLLATE utf8mb4_unicode_ci NOT NULL,
  `created_at` timestamp NULL DEFAULT NULL,
  PRIMARY KEY (`email`)
) ENGINE=InnoDB DEFAULT CHARSET=utf8mb4 COLLATE=utf8mb4_unicode_ci;

-- Dumping data for table ghorer_menu.password_reset_tokens: ~0 rows (approximately)

-- Dumping structure for table ghorer_menu.p_orders
CREATE TABLE IF NOT EXISTS `p_orders` (
  `id` bigint unsigned NOT NULL AUTO_INCREMENT,
  `name` varchar(255) COLLATE utf8mb4_unicode_ci NOT NULL,
  `email` varchar(255) COLLATE utf8mb4_unicode_ci NOT NULL,
  `phone` varchar(255) COLLATE utf8mb4_unicode_ci NOT NULL,
  `amount` decimal(12,2) NOT NULL,
  `status` varchar(255) COLLATE utf8mb4_unicode_ci NOT NULL DEFAULT 'Pending',
  `address` text COLLATE utf8mb4_unicode_ci,
  `transaction_id` varchar(255) COLLATE utf8mb4_unicode_ci NOT NULL,
  `currency` varchar(10) COLLATE utf8mb4_unicode_ci NOT NULL DEFAULT 'BDT',
  `created_at` timestamp NULL DEFAULT NULL,
  `updated_at` timestamp NULL DEFAULT NULL,
  PRIMARY KEY (`id`),
  UNIQUE KEY `p_orders_transaction_id_unique` (`transaction_id`)
) ENGINE=InnoDB AUTO_INCREMENT=5 DEFAULT CHARSET=utf8mb4 COLLATE=utf8mb4_unicode_ci;

-- Dumping data for table ghorer_menu.p_orders: ~4 rows (approximately)
INSERT INTO `p_orders` (`id`, `name`, `email`, `phone`, `amount`, `status`, `address`, `transaction_id`, `currency`, `created_at`, `updated_at`) VALUES
	(1, 'Customer Name', 'customer@mail.com', '8801XXXXXXXXX', 10.00, 'Pending', 'Customer Address', '6849906fc2874', 'BDT', NULL, NULL),
	(2, 'Customer Name', 'customer@mail.com', '8801XXXXXXXXX', 10.00, 'Pending', 'Customer Address', '68499316e02ba', 'BDT', NULL, NULL),
	(3, 'Customer Name', 'customer@mail.com', '8801XXXXXXXXX', 10.00, 'Pending', 'Customer Address', '684fe2191af87', 'BDT', NULL, NULL),
	(4, 'Customer Name', 'customer@mail.com', '8801XXXXXXXXX', 10.00, 'Pending', 'Customer Address', '684fe3fe5f359', 'BDT', NULL, NULL);

-- Dumping structure for table ghorer_menu.reviews
CREATE TABLE IF NOT EXISTS `reviews` (
  `id` bigint unsigned NOT NULL AUTO_INCREMENT,
  `user_id` bigint unsigned NOT NULL,
  `order_id` bigint unsigned NOT NULL,
  `branch_id` bigint unsigned NOT NULL,
  `food_rating` int DEFAULT NULL,
  `delivery_rating` int DEFAULT NULL,
  `comment` text CHARACTER SET utf8mb4 COLLATE utf8mb4_unicode_ci,
  `is_published` tinyint(1) NOT NULL DEFAULT '1',
  `created_at` timestamp NULL DEFAULT NULL,
  `updated_at` timestamp NULL DEFAULT NULL,
  `deleted_at` timestamp NULL DEFAULT NULL,
  PRIMARY KEY (`id`),
  KEY `reviews_user_id_foreign` (`user_id`),
  KEY `reviews_order_id_foreign` (`order_id`),
  KEY `reviews_branch_id_foreign` (`branch_id`),
  CONSTRAINT `reviews_branch_id_foreign` FOREIGN KEY (`branch_id`) REFERENCES `branches` (`id`) ON DELETE CASCADE,
  CONSTRAINT `reviews_order_id_foreign` FOREIGN KEY (`order_id`) REFERENCES `orders` (`id`) ON DELETE CASCADE,
  CONSTRAINT `reviews_user_id_foreign` FOREIGN KEY (`user_id`) REFERENCES `users` (`id`) ON DELETE CASCADE
) ENGINE=InnoDB DEFAULT CHARSET=utf8mb4 COLLATE=utf8mb4_unicode_ci;

-- Dumping data for table ghorer_menu.reviews: ~0 rows (approximately)

-- Dumping structure for table ghorer_menu.r_search
CREATE TABLE IF NOT EXISTS `r_search` (
  `id` bigint unsigned NOT NULL AUTO_INCREMENT,
  `name` varchar(100) NOT NULL,
  `bn_name` varchar(100) DEFAULT NULL,
  `division_id` int unsigned NOT NULL,
  `district_id` int unsigned NOT NULL,
  `photo` varchar(255) DEFAULT NULL,
  `status` enum('Active','Inactive') DEFAULT 'Active',
  `created_by` int unsigned DEFAULT NULL,
  `updated_by` int unsigned DEFAULT NULL,
  `deleted_by` int unsigned DEFAULT NULL,
  `created_at` datetime DEFAULT NULL,
  `updated_at` datetime DEFAULT NULL,
  `deleted_at` datetime DEFAULT NULL,
  `thana_id` int DEFAULT NULL,
  `own_id` int DEFAULT NULL,
  PRIMARY KEY (`id`)
) ENGINE=InnoDB AUTO_INCREMENT=663 DEFAULT CHARSET=utf8mb4 COLLATE=utf8mb4_0900_ai_ci;

-- Dumping data for table ghorer_menu.r_search: ~102 rows (approximately)
INSERT INTO `r_search` (`id`, `name`, `bn_name`, `division_id`, `district_id`, `photo`, `status`, `created_by`, `updated_by`, `deleted_by`, `created_at`, `updated_at`, `deleted_at`, `thana_id`, `own_id`) VALUES
	(1, 'Final', NULL, 0, 72, NULL, 'Active', NULL, NULL, NULL, NULL, NULL, NULL, 623, NULL),
	(547, 'Adabar Thana', 'আদাবর থানা', 3, 65, '1', 'Active', NULL, NULL, NULL, NULL, NULL, NULL, NULL, NULL),
	(548, 'Azampur Thana', 'আজমপুর থানা', 3, 65, '1', 'Active', NULL, NULL, NULL, NULL, NULL, NULL, NULL, NULL),
	(549, 'Badda Thana', 'বাড্ডা থানা', 3, 65, '1', 'Active', NULL, NULL, NULL, NULL, NULL, NULL, NULL, NULL),
	(550, 'Bangsal Thana', 'বংশাল থানা', 3, 65, '1', 'Active', NULL, NULL, NULL, NULL, NULL, NULL, NULL, NULL),
	(551, 'Bimanbandar Thana (Dhaka)', 'বিমানবন্দর থানা', 3, 65, '1', 'Active', NULL, NULL, NULL, NULL, NULL, NULL, NULL, NULL),
	(552, 'Cantonment Thana', 'ক্যান্টনমেন্ট থানা', 3, 65, '1', 'Active', NULL, NULL, NULL, NULL, NULL, NULL, NULL, NULL),
	(553, 'Chowkbazar Thana', 'চকবাজার থানা ', 3, 65, '1', 'Active', NULL, NULL, NULL, NULL, NULL, NULL, NULL, NULL),
	(554, 'Darus Salam Thana', 'দারুস সালাম থানা ', 3, 65, '1', 'Active', NULL, NULL, NULL, NULL, NULL, NULL, NULL, NULL),
	(555, 'Demra Thana', 'ডেমরা থানা ', 3, 65, '1', 'Active', NULL, NULL, NULL, NULL, NULL, NULL, NULL, NULL),
	(556, 'Dhanmondi Thana', 'ধানমন্ডি থানা', 3, 65, '1', 'Active', NULL, NULL, NULL, NULL, NULL, NULL, NULL, NULL),
	(557, 'Gendaria Thana', 'গেন্ডারিয়া থানা ', 3, 65, '1', 'Active', NULL, NULL, NULL, NULL, NULL, NULL, NULL, NULL),
	(558, 'Hazaribagh Thana', 'হাজারিবাগ থানা', 3, 65, '1', 'Active', NULL, NULL, NULL, NULL, NULL, NULL, NULL, NULL),
	(559, 'Kadamtali Thana', 'কদমতলি থানা ', 3, 65, '1', 'Active', NULL, NULL, NULL, NULL, NULL, NULL, NULL, NULL),
	(560, 'Kafrul Thana', 'কাফরুল থানা ', 3, 65, '1', 'Active', NULL, NULL, NULL, NULL, NULL, NULL, NULL, NULL),
	(561, 'Kalabagan Thana', 'কলাবাগান থানা ', 3, 65, '1', 'Active', NULL, NULL, NULL, NULL, NULL, NULL, NULL, NULL),
	(562, 'Kamrangirchar Thana', 'কামরাংগিচর থানা ', 3, 65, '1', 'Active', NULL, NULL, NULL, NULL, NULL, NULL, NULL, NULL),
	(563, 'Khilgaon Thana', 'খিলগাঁও থানা', 3, 65, '1', 'Active', NULL, NULL, NULL, NULL, NULL, NULL, NULL, NULL),
	(564, 'Khilkhet Thana', 'খিলখেত থানা', 3, 65, '1', 'Active', NULL, NULL, NULL, NULL, NULL, NULL, NULL, NULL),
	(565, 'Kotwali Thana (Dhaka)', 'কতোয়াখালি থানা', 3, 65, '1', 'Active', NULL, NULL, NULL, NULL, NULL, NULL, NULL, NULL),
	(566, 'Lalbagh Thana', 'লালবাগ থানা', 3, 65, '1', 'Active', NULL, NULL, NULL, NULL, NULL, NULL, NULL, NULL),
	(567, 'Mirpur Model Thana', 'মিরপুর থানা', 3, 65, '1', 'Active', NULL, NULL, NULL, NULL, NULL, NULL, NULL, NULL),
	(568, 'Mohammadpur Thana', 'মোহাম্মাদপুর থানা', 3, 65, '1', 'Active', NULL, NULL, NULL, NULL, NULL, NULL, NULL, NULL),
	(569, 'Motijheel Thana', 'মতিঝিল থানা', 3, 65, '1', 'Active', NULL, NULL, NULL, NULL, NULL, NULL, NULL, NULL),
	(570, 'New Market Thana', 'নিউ মার্কেট থানা', 3, 65, '1', 'Active', NULL, NULL, NULL, NULL, NULL, NULL, NULL, NULL),
	(571, 'Pallabi Thana', 'পল্লবি থানা', 3, 65, '1', 'Active', NULL, NULL, NULL, NULL, NULL, NULL, NULL, NULL),
	(572, 'Paltan Thana', 'পল্টন থানা', 3, 65, '1', 'Active', NULL, NULL, NULL, NULL, NULL, NULL, NULL, NULL),
	(573, 'Panthapath Thana', 'পান্থপথ থানা', 3, 65, '1', 'Active', NULL, NULL, NULL, NULL, NULL, NULL, NULL, NULL),
	(574, 'Ramna Thana', 'রমনা থানা', 3, 65, '1', 'Active', NULL, NULL, NULL, NULL, NULL, NULL, NULL, NULL),
	(575, 'Rampura Thana', 'রামপুরা থানা', 3, 65, '1', 'Active', NULL, NULL, NULL, NULL, NULL, NULL, NULL, NULL),
	(576, 'Sabujbagh Thana', 'সবুজবাগ থানা', 3, 65, '1', 'Active', NULL, NULL, NULL, NULL, NULL, NULL, NULL, NULL),
	(577, 'Shah Ali Thana', 'সাহ্‌ আলী থানা', 3, 65, '1', 'Active', NULL, NULL, NULL, NULL, NULL, NULL, NULL, NULL),
	(578, 'Shahbag Thana', 'শাহ্‌বাগ থানা', 3, 65, '1', 'Active', NULL, NULL, NULL, NULL, NULL, NULL, NULL, NULL),
	(579, 'Sher-e-Bangla Nagar', 'শেরে-ই-বাংলা নগর থানা', 3, 65, '1', 'Active', NULL, NULL, NULL, NULL, NULL, NULL, NULL, NULL),
	(580, 'Shyampur Thana', 'শ্যামপুর থানা', 3, 65, '1', 'Active', NULL, NULL, NULL, NULL, NULL, NULL, NULL, NULL),
	(581, 'Sutrapur Thana', 'সুত্রাপুর থানা', 3, 65, '1', 'Active', NULL, NULL, NULL, NULL, NULL, NULL, NULL, NULL),
	(582, 'Tejgaon Industrial Area Thana', 'তেজগাঁও ইন্ডাস্ট্রিয়াল থানা', 3, 65, '1', 'Active', NULL, NULL, NULL, NULL, NULL, NULL, NULL, NULL),
	(583, 'Tejgaon Thana', 'তেজগাঁও থানা', 3, 65, '1', 'Active', NULL, NULL, NULL, NULL, NULL, NULL, NULL, NULL),
	(584, 'Turag Thana', 'তুরাগ থানা', 3, 65, '1', 'Active', NULL, NULL, NULL, NULL, NULL, NULL, NULL, NULL),
	(585, 'Uttar Khan Thana', 'উত্তর খান থানা', 3, 65, '1', 'Active', NULL, NULL, NULL, NULL, NULL, NULL, NULL, NULL),
	(586, 'Uttara West Thana', 'উত্তরা পশ্চিম থানা', 3, 65, '1', 'Active', NULL, NULL, NULL, NULL, NULL, NULL, NULL, NULL),
	(587, 'Vatara Thana', 'ভাটারা থানা', 3, 65, '1', 'Active', NULL, NULL, NULL, NULL, NULL, NULL, NULL, NULL),
	(588, 'Wari Thana', 'ওয়ারি থানা', 3, 65, '1', 'Active', NULL, NULL, NULL, NULL, NULL, NULL, NULL, NULL),
	(589, 'Uttara East Thana', 'উত্তরা পূর্ব থানা', 3, 65, '1', 'Active', NULL, NULL, NULL, NULL, NULL, NULL, NULL, NULL),
	(590, 'Dakshinkhan Thana', 'দক্ষিনখান থানা', 3, 65, '1', 'Active', NULL, NULL, NULL, NULL, NULL, NULL, NULL, NULL),
	(591, 'Gulshan Thana', 'গুলশান থানা', 3, 65, '1', 'Active', NULL, NULL, NULL, NULL, NULL, NULL, NULL, NULL),
	(592, 'Banani Thana', 'বনানী থানা', 3, 65, '1', 'Active', NULL, NULL, NULL, NULL, NULL, NULL, NULL, NULL),
	(593, 'JATRABARI', 'যাত্রাবাড়ী', 3, 65, '1', 'Active', NULL, NULL, NULL, NULL, NULL, NULL, NULL, NULL),
	(594, 'Akbarshah Thana', 'আকবরশাহ থানা', 2, 66, '1', 'Active', NULL, NULL, NULL, NULL, NULL, NULL, NULL, NULL),
	(595, 'Bakoliya Thana', 'বাকলিয়া থানা', 2, 66, '1', 'Active', NULL, NULL, NULL, NULL, NULL, NULL, NULL, NULL),
	(596, 'Bandar Thana', 'বন্দর থানা', 2, 66, '1', 'Active', NULL, NULL, NULL, NULL, NULL, NULL, NULL, NULL),
	(597, 'Bayazid Thana', 'বায়জিদ  থানা', 2, 66, '1', 'Active', NULL, NULL, NULL, NULL, NULL, NULL, NULL, NULL),
	(598, 'Bhujpur Thana', 'ভুজপুর থানা', 2, 66, '1', 'Active', NULL, NULL, NULL, NULL, NULL, NULL, NULL, NULL),
	(599, 'Chandgaon Thana', 'চান্দগাও থানা', 2, 66, '1', 'Active', NULL, NULL, NULL, NULL, NULL, NULL, NULL, NULL),
	(600, 'Chaowkbazar Thana', 'চকবাজার থানা', 2, 66, '1', 'Active', NULL, NULL, NULL, NULL, NULL, NULL, NULL, NULL),
	(601, 'Chittagong Kotwali Thana', 'চিটাগাং থানা', 2, 66, '1', 'Active', NULL, NULL, NULL, NULL, NULL, NULL, NULL, NULL),
	(602, 'Double Mooring Thana', 'ডাবল মর্নিং থানা', 2, 66, '1', 'Active', NULL, NULL, NULL, NULL, NULL, NULL, NULL, NULL),
	(603, 'EPZ Thana Thana', 'ইপিজেড থানা', 2, 66, '1', 'Active', NULL, NULL, NULL, NULL, NULL, NULL, NULL, NULL),
	(604, 'Halishahar Thana', 'হালিশাহার থানা', 2, 66, '1', 'Active', NULL, NULL, NULL, NULL, NULL, NULL, NULL, NULL),
	(605, 'Karnaphuli Thana', 'কর্ণফুলি থানা', 2, 66, '1', 'Active', NULL, NULL, NULL, NULL, NULL, NULL, NULL, NULL),
	(606, 'Khulshi Thana', 'খুলসি থানা', 2, 66, '1', 'Active', NULL, NULL, NULL, NULL, NULL, NULL, NULL, NULL),
	(607, 'Kotwali Thana (Chittagong)', 'কতোয়াখালি থানা', 2, 66, '1', 'Active', NULL, NULL, NULL, NULL, NULL, NULL, NULL, NULL),
	(608, 'Pahartali Thana', 'পাহারতলি থানা', 2, 66, '1', 'Active', NULL, NULL, NULL, NULL, NULL, NULL, NULL, NULL),
	(609, 'Panchlaish Thana', 'পাঞ্চলাইস থানা', 2, 66, '1', 'Active', NULL, NULL, NULL, NULL, NULL, NULL, NULL, NULL),
	(610, 'Patenga Thana', 'পতেংগা থানা', 2, 66, '1', 'Active', NULL, NULL, NULL, NULL, NULL, NULL, NULL, NULL),
	(611, 'Khulna Sadar Thana', 'খুলনা সদর থানা', 4, 68, '1', 'Active', NULL, NULL, NULL, NULL, NULL, NULL, NULL, NULL),
	(612, 'Sonadanga Thana', 'সোনাডাঙ্গা থানা', 4, 68, '1', 'Active', NULL, NULL, NULL, NULL, NULL, NULL, NULL, NULL),
	(613, 'Daulatpur Thana', 'দৌলতপুর থানা', 4, 68, '1', 'Active', NULL, NULL, NULL, NULL, NULL, NULL, NULL, NULL),
	(614, 'Khalishpur Thana', 'খালিশপুর থানা', 4, 68, '1', 'Active', NULL, NULL, NULL, NULL, NULL, NULL, NULL, NULL),
	(615, 'Khan Jahan Ali Thana', 'খান জাহান আলী থানা', 4, 68, '1', 'Active', NULL, NULL, NULL, NULL, NULL, NULL, NULL, NULL),
	(616, 'Labanchara Thana', 'লবনছড়া থানা', 4, 68, '1', 'Active', NULL, NULL, NULL, NULL, NULL, NULL, NULL, NULL),
	(617, 'Harintana Thana', 'হরিণটানা থানা', 4, 68, '1', 'Active', NULL, NULL, NULL, NULL, NULL, NULL, NULL, NULL),
	(618, 'Aranghata Thana', 'আড়ংঘাটা থানা', 4, 68, '1', 'Active', NULL, NULL, NULL, NULL, NULL, NULL, NULL, NULL),
	(619, 'Sadar Thana', 'সদর/জয়দেবপুর থানা', 3, 72, '1', 'Active', NULL, NULL, NULL, NULL, NULL, NULL, NULL, NULL),
	(620, 'Bason Thana', 'বাসন থানা', 3, 72, '1', 'Active', NULL, NULL, NULL, NULL, NULL, NULL, NULL, NULL),
	(621, 'Konabari Thana', 'কোনাবাড়ী থানা', 3, 72, '1', 'Active', NULL, NULL, NULL, NULL, NULL, NULL, NULL, NULL),
	(622, 'Kashimpur Thana', 'কাশিমপুর থানা', 3, 72, '1', 'Active', NULL, NULL, NULL, NULL, NULL, NULL, NULL, NULL),
	(623, 'Gacha Thana', 'গাছা থানা', 3, 72, '1', 'Active', NULL, NULL, NULL, NULL, NULL, NULL, NULL, NULL),
	(624, 'Pubail Thana', 'পূবাইল থানা', 3, 72, '1', 'Active', NULL, NULL, NULL, NULL, NULL, NULL, NULL, NULL),
	(625, 'Tongi West Thana', 'টঙ্গী পশ্চিম থানা', 3, 72, '1', 'Active', NULL, NULL, NULL, NULL, NULL, NULL, NULL, NULL),
	(626, 'Tongi East Thana', 'টঙ্গী পূর্ব থানা', 3, 72, '1', 'Active', NULL, NULL, NULL, NULL, NULL, NULL, NULL, NULL),
	(627, 'KOTWALI MODEL THANA', 'কোতোয়ালি মডেল থানা', 1, 69, '1', 'Active', NULL, NULL, NULL, NULL, NULL, NULL, NULL, NULL),
	(628, 'AIRPORT THANA (BARISHAL)', 'বিমানবন্দর থানা (বরিশাল)', 1, 69, '1', 'Active', NULL, NULL, NULL, NULL, NULL, NULL, NULL, NULL),
	(629, 'KAWNIA THANA', 'কাউনিয়া থানা', 1, 69, '1', 'Active', NULL, NULL, NULL, NULL, NULL, NULL, NULL, NULL),
	(630, 'BANDAR THANA (BASISHAL)', 'বন্দর থানা (বরিশাল)', 1, 69, '1', 'Active', NULL, NULL, NULL, NULL, NULL, NULL, NULL, NULL),
	(631, 'RUPATALI THANA', 'রুপতালী থানা', 1, 69, '1', 'Active', NULL, NULL, NULL, NULL, NULL, NULL, NULL, NULL),
	(632, 'BARISAL UNIVERSITY THANA', 'বরিশাল বিশ্ববিদ্যালয় থানা', 1, 69, '1', 'Active', NULL, NULL, NULL, NULL, NULL, NULL, NULL, NULL),
	(633, 'CHARMONAI THANA', 'চরমোনাই থানা', 1, 69, '1', 'Active', NULL, NULL, NULL, NULL, NULL, NULL, NULL, NULL),
	(634, 'KASHIPUR THANA', 'কাশীপুর থানা', 1, 69, '1', 'Active', NULL, NULL, NULL, NULL, NULL, NULL, NULL, NULL),
	(647, 'KOTWALI THANA', 'কোতয়ালি থানা', 6, 71, '1', 'Active', NULL, NULL, NULL, NULL, NULL, NULL, NULL, NULL),
	(648, 'PARSHURAM THANA', 'পরশুরাম থানা', 6, 71, '1', 'Active', NULL, NULL, NULL, NULL, NULL, NULL, NULL, NULL),
	(649, 'HARAGACH THANA', 'হারাগাছ থানা', 6, 71, '1', 'Active', NULL, NULL, NULL, NULL, NULL, NULL, NULL, NULL),
	(650, 'TAJHAT THANA', 'তাজহাট থানা', 6, 71, '1', 'Active', NULL, NULL, NULL, NULL, NULL, NULL, NULL, NULL),
	(651, 'MAHIGANJ THANA', 'মাহিগঞ্জ থানা', 6, 71, '1', 'Active', NULL, NULL, NULL, NULL, NULL, NULL, NULL, NULL),
	(652, 'HAJIRHAT THANA', 'হাজীরহাট থানা', 6, 71, '1', 'Active', NULL, NULL, NULL, NULL, NULL, NULL, NULL, NULL),
	(653, 'KOTWALI MODEL THANA (SYLHET)', 'কোতোয়ালি মডেল থানা  (সিলেট)', 8, 70, '1', 'Active', NULL, NULL, NULL, NULL, NULL, NULL, NULL, NULL),
	(654, 'JALALABAD THANA', 'জালালাবাদ থানা', 8, 70, '1', 'Active', NULL, NULL, NULL, NULL, NULL, NULL, NULL, NULL),
	(655, 'AIRPORT THANA (SYLHET)', 'বিমানবন্দর থানা (সিলেট)', 8, 70, '1', 'Active', NULL, NULL, NULL, NULL, NULL, NULL, NULL, NULL),
	(656, 'MOGLABAZAR THANA', 'মোগলাবাজার থানা', 8, 70, '1', 'Active', NULL, NULL, NULL, NULL, NULL, NULL, NULL, NULL),
	(657, 'SOUTH SURMA THANA', 'দক্ষিণ সুরমা থানা', 8, 70, '1', 'Active', NULL, NULL, NULL, NULL, NULL, NULL, NULL, NULL),
	(658, 'SHAH PORAN (R.) THANA', 'শাহ পোরাণ (আর) থানা', 8, 70, '1', 'Active', NULL, NULL, NULL, NULL, NULL, NULL, NULL, NULL),
	(659, 'Bhasantek Thana', 'ভাষানটেক থানা', 3, 65, '1', 'Active', 1, NULL, NULL, '2021-05-04 05:37:04', '2021-05-04 05:37:04', NULL, NULL, NULL),
	(660, 'Ivor Casey', NULL, 0, 3, NULL, 'Active', NULL, NULL, NULL, NULL, NULL, NULL, 161, 12),
	(661, 'Kiayada Dotson', NULL, 0, 25, NULL, 'Active', NULL, NULL, NULL, NULL, NULL, NULL, 388, 13),
	(662, 'Mirpur 10', NULL, 0, 65, NULL, 'Active', NULL, NULL, NULL, NULL, NULL, NULL, 567, 14);

-- Dumping structure for table ghorer_menu.sessions
CREATE TABLE IF NOT EXISTS `sessions` (
  `id` varchar(255) CHARACTER SET utf8mb4 COLLATE utf8mb4_unicode_ci NOT NULL,
  `user_id` bigint unsigned DEFAULT NULL,
  `ip_address` varchar(45) CHARACTER SET utf8mb4 COLLATE utf8mb4_unicode_ci DEFAULT NULL,
  `user_agent` text CHARACTER SET utf8mb4 COLLATE utf8mb4_unicode_ci,
  `payload` longtext CHARACTER SET utf8mb4 COLLATE utf8mb4_unicode_ci NOT NULL,
  `last_activity` int NOT NULL,
  PRIMARY KEY (`id`),
  KEY `sessions_user_id_index` (`user_id`),
  KEY `sessions_last_activity_index` (`last_activity`)
) ENGINE=InnoDB DEFAULT CHARSET=utf8mb4 COLLATE=utf8mb4_unicode_ci;

-- Dumping data for table ghorer_menu.sessions: ~1 rows (approximately)
INSERT INTO `sessions` (`id`, `user_id`, `ip_address`, `user_agent`, `payload`, `last_activity`) VALUES
	('CxhJX1JSKI6CYS4R9EZtAVH9dtB8cVTf6wvEMFDY', 17, '127.0.0.1', 'Mozilla/5.0 (Windows NT 10.0; Win64; x64) AppleWebKit/537.36 (KHTML, like Gecko) Chrome/138.0.0.0 Safari/537.36', 'YTo2OntzOjY6Il90b2tlbiI7czo0MDoiTGd1WDRJbXU2TjZuTWRQN0hCZTdyUlU4WDllcG5SWTM4OHI1c0I5VyI7czo2OiJfZmxhc2giO2E6Mjp7czozOiJvbGQiO2E6MDp7fXM6MzoibmV3IjthOjA6e319czo5OiJfcHJldmlvdXMiO2E6MTp7czozOiJ1cmwiO3M6MjE6Imh0dHA6Ly8xMjcuMC4wLjE6ODAwMCI7fXM6MzoidXJsIjthOjA6e31zOjUwOiJsb2dpbl93ZWJfNTliYTM2YWRkYzJiMmY5NDAxNTgwZjAxNGM3ZjU4ZWE0ZTMwOTg5ZCI7aToxNztzOjE1OiJzZWxlY3RlZF9icmFuY2giO086MTc6IkFwcFxNb2RlbHNcQnJhbmNoIjozMTp7czoxMzoiACoAY29ubmVjdGlvbiI7czo1OiJteXNxbCI7czo4OiIAKgB0YWJsZSI7czo4OiJicmFuY2hlcyI7czoxMzoiACoAcHJpbWFyeUtleSI7czoyOiJpZCI7czoxMDoiACoAa2V5VHlwZSI7czozOiJpbnQiO3M6MTI6ImluY3JlbWVudGluZyI7YjoxO3M6NzoiACoAd2l0aCI7YTowOnt9czoxMjoiACoAd2l0aENvdW50IjthOjA6e31zOjE5OiJwcmV2ZW50c0xhenlMb2FkaW5nIjtiOjA7czoxMDoiACoAcGVyUGFnZSI7aToxNTtzOjY6ImV4aXN0cyI7YjoxO3M6MTg6Indhc1JlY2VudGx5Q3JlYXRlZCI7YjowO3M6Mjg6IgAqAGVzY2FwZVdoZW5DYXN0aW5nVG9TdHJpbmciO2I6MDtzOjEzOiIAKgBhdHRyaWJ1dGVzIjthOjE2OntzOjI6ImlkIjtpOjI1O3M6NDoibmFtZSI7czoxMjoiRG9yaWFuIE1hcmtzIjtzOjc6ImFkZHJlc3MiO3M6MTk6Ik1hZ25hIGZhY2lsaXMgdWxsYW0iO3M6NToiaW1hZ2UiO047czo4OiJsYXRpdHVkZSI7czoxMToiMjUuMDAwMDAwMDAiO3M6OToibG9uZ2l0dWRlIjtzOjExOiIzNC4wMDAwMDAwMCI7czoxMzoib3BlbmluZ19ob3VycyI7czoxOTQ6Ilt7ImRheSI6ICJNb25kYXkiLCAib3BlbiI6ICIxMzoxNiIsICJjbG9zZSI6ICIxMzo1NCIsICJsdW5jaCI6IHsiZW5kIjogIjIyOjAyIiwgInN0YXJ0IjogIjExOjUyIn0sICJkaW5uZXIiOiB7ImVuZCI6ICIyMjoyMiIsICJzdGFydCI6ICIxNzo0MiJ9LCAiYnJlYWtmYXN0IjogeyJlbmQiOiAiMDQ6MzIiLCAic3RhcnQiOiAiMTg6MDUifX1dIjtzOjExOiJkaXN0cmljdF9pZCI7aTo2NTtzOjg6InRoYW5hX2lkIjtpOjU2NztzOjE0OiJjb250YWN0X251bWJlciI7czozOiI4MDQiO3M6MTU6ImRlbGl2ZXJ5X3JhZGl1cyI7czo1OiI1MC4wMCI7czo5OiJpc19hY3RpdmUiO2k6MTtzOjEwOiJjcmVhdGVkX2F0IjtzOjE5OiIyMDI1LTA2LTI5IDE0OjQ1OjU1IjtzOjEwOiJ1cGRhdGVkX2F0IjtzOjE5OiIyMDI1LTA2LTI5IDE0OjQ1OjU1IjtzOjEwOiJkZWxldGVkX2F0IjtOO3M6ODoibG9jYWxfaWQiO2k6MTQ7fXM6MTE6IgAqAG9yaWdpbmFsIjthOjE2OntzOjI6ImlkIjtpOjI1O3M6NDoibmFtZSI7czoxMjoiRG9yaWFuIE1hcmtzIjtzOjc6ImFkZHJlc3MiO3M6MTk6Ik1hZ25hIGZhY2lsaXMgdWxsYW0iO3M6NToiaW1hZ2UiO047czo4OiJsYXRpdHVkZSI7czoxMToiMjUuMDAwMDAwMDAiO3M6OToibG9uZ2l0dWRlIjtzOjExOiIzNC4wMDAwMDAwMCI7czoxMzoib3BlbmluZ19ob3VycyI7czoxOTQ6Ilt7ImRheSI6ICJNb25kYXkiLCAib3BlbiI6ICIxMzoxNiIsICJjbG9zZSI6ICIxMzo1NCIsICJsdW5jaCI6IHsiZW5kIjogIjIyOjAyIiwgInN0YXJ0IjogIjExOjUyIn0sICJkaW5uZXIiOiB7ImVuZCI6ICIyMjoyMiIsICJzdGFydCI6ICIxNzo0MiJ9LCAiYnJlYWtmYXN0IjogeyJlbmQiOiAiMDQ6MzIiLCAic3RhcnQiOiAiMTg6MDUifX1dIjtzOjExOiJkaXN0cmljdF9pZCI7aTo2NTtzOjg6InRoYW5hX2lkIjtpOjU2NztzOjE0OiJjb250YWN0X251bWJlciI7czozOiI4MDQiO3M6MTU6ImRlbGl2ZXJ5X3JhZGl1cyI7czo1OiI1MC4wMCI7czo5OiJpc19hY3RpdmUiO2k6MTtzOjEwOiJjcmVhdGVkX2F0IjtzOjE5OiIyMDI1LTA2LTI5IDE0OjQ1OjU1IjtzOjEwOiJ1cGRhdGVkX2F0IjtzOjE5OiIyMDI1LTA2LTI5IDE0OjQ1OjU1IjtzOjEwOiJkZWxldGVkX2F0IjtOO3M6ODoibG9jYWxfaWQiO2k6MTQ7fXM6MTA6IgAqAGNoYW5nZXMiO2E6MDp7fXM6ODoiACoAY2FzdHMiO2E6Njp7czoxMzoib3BlbmluZ19ob3VycyI7czo1OiJhcnJheSI7czo4OiJsYXRpdHVkZSI7czo5OiJkZWNpbWFsOjgiO3M6OToibG9uZ2l0dWRlIjtzOjk6ImRlY2ltYWw6OCI7czoxNToiZGVsaXZlcnlfcmFkaXVzIjtzOjk6ImRlY2ltYWw6MiI7czo5OiJpc19hY3RpdmUiO3M6NzoiYm9vbGVhbiI7czoxMDoiZGVsZXRlZF9hdCI7czo4OiJkYXRldGltZSI7fXM6MTc6IgAqAGNsYXNzQ2FzdENhY2hlIjthOjA6e31zOjIxOiIAKgBhdHRyaWJ1dGVDYXN0Q2FjaGUiO2E6MDp7fXM6MTM6IgAqAGRhdGVGb3JtYXQiO047czoxMDoiACoAYXBwZW5kcyI7YTowOnt9czoxOToiACoAZGlzcGF0Y2hlc0V2ZW50cyI7YTowOnt9czoxNDoiACoAb2JzZXJ2YWJsZXMiO2E6MDp7fXM6MTI6IgAqAHJlbGF0aW9ucyI7YTowOnt9czoxMDoiACoAdG91Y2hlcyI7YTowOnt9czoxMDoidGltZXN0YW1wcyI7YjoxO3M6MTM6InVzZXNVbmlxdWVJZHMiO2I6MDtzOjk6IgAqAGhpZGRlbiI7YTowOnt9czoxMDoiACoAdmlzaWJsZSI7YTowOnt9czoxMToiACoAZmlsbGFibGUiO2E6MTI6e2k6MDtzOjQ6Im5hbWUiO2k6MTtzOjc6ImFkZHJlc3MiO2k6MjtzOjg6ImxhdGl0dWRlIjtpOjM7czo5OiJsb25naXR1ZGUiO2k6NDtzOjEzOiJvcGVuaW5nX2hvdXJzIjtpOjU7czoxNDoiY29udGFjdF9udW1iZXIiO2k6NjtzOjE1OiJkZWxpdmVyeV9yYWRpdXMiO2k6NztzOjk6ImlzX2FjdGl2ZSI7aTo4O3M6NToiaW1hZ2UiO2k6OTtzOjExOiJkaXN0cmljdF9pZCI7aToxMDtzOjg6InRoYW5hX2lkIjtpOjExO3M6ODoibG9jYWxfaWQiO31zOjEwOiIAKgBndWFyZGVkIjthOjE6e2k6MDtzOjE6IioiO31zOjE2OiIAKgBmb3JjZURlbGV0aW5nIjtiOjA7fX0=', 1753687368);

-- Dumping structure for table ghorer_menu.users
CREATE TABLE IF NOT EXISTS `users` (
  `id` bigint unsigned NOT NULL AUTO_INCREMENT,
  `photo` varchar(255) CHARACTER SET utf8mb4 COLLATE utf8mb4_unicode_ci DEFAULT NULL,
  `name` varchar(255) COLLATE utf8mb4_unicode_ci DEFAULT NULL,
  `email` varchar(255) CHARACTER SET utf8mb4 COLLATE utf8mb4_unicode_ci DEFAULT NULL,
  `email_verified_at` timestamp NULL DEFAULT NULL,
  `phone` varchar(255) CHARACTER SET utf8mb4 COLLATE utf8mb4_unicode_ci DEFAULT NULL,
  `default_address` text CHARACTER SET utf8mb4 COLLATE utf8mb4_unicode_ci,
  `role` enum('customer','branch_admin','super_admin') CHARACTER SET utf8mb4 COLLATE utf8mb4_unicode_ci NOT NULL DEFAULT 'customer',
  `is_active` tinyint(1) NOT NULL DEFAULT '1',
  `password` varchar(255) CHARACTER SET utf8mb4 COLLATE utf8mb4_unicode_ci NOT NULL,
  `remember_token` varchar(100) CHARACTER SET utf8mb4 COLLATE utf8mb4_unicode_ci DEFAULT NULL,
  `created_at` timestamp NULL DEFAULT NULL,
  `updated_at` timestamp NULL DEFAULT NULL,
  `rest_id` bigint unsigned DEFAULT NULL,
  PRIMARY KEY (`id`),
  UNIQUE KEY `users_email_unique` (`email`),
  KEY `users_rest_id_foreign` (`rest_id`),
  CONSTRAINT `users_rest_id_foreign` FOREIGN KEY (`rest_id`) REFERENCES `branches` (`id`) ON DELETE CASCADE
) ENGINE=InnoDB AUTO_INCREMENT=18 DEFAULT CHARSET=utf8mb4 COLLATE=utf8mb4_unicode_ci;

-- Dumping data for table ghorer_menu.users: ~12 rows (approximately)
INSERT INTO `users` (`id`, `photo`, `name`, `email`, `email_verified_at`, `phone`, `default_address`, `role`, `is_active`, `password`, `remember_token`, `created_at`, `updated_at`, `rest_id`) VALUES
	(1, NULL, 'Super Admin', 'mamoon@admin.com', '2024-10-28 23:56:28', '01814418723', NULL, 'super_admin', 1, '$2y$12$Q715GzadsklnlKw2GS9BoOU2F.KFZj5clPVh7wuD1JerYwrx4o9Zu', 'Ujsn2t4XW7C1LGkQ0SiuCCIl0Dy5JM0CuOjtZYnA5YslAaltzZGWwOfXvAhJ', '2024-10-28 23:56:29', '2025-05-18 06:36:57', NULL),
	(2, NULL, 'Istiak', 'is@mail.com', NULL, '984753485', NULL, 'customer', 1, '$2y$12$XgkfIUYiicz/zYrNYqN8KOY6btYppQJtxNhu4jEcQylFbdN6/qyKq', NULL, '2024-11-07 00:07:38', '2024-11-07 00:07:38', NULL),
	(3, NULL, 'Abdullah Al Mamoon', 'mamoon@user.com', NULL, '+1 (297) 866-5514', NULL, 'branch_admin', 1, '$2y$12$N2ig.EHkrsD1F/AmmLSeo.1GbQ4jWSBwVzDSC5PVMPQskkEuqLamC', NULL, '2025-05-18 09:00:16', '2025-05-21 07:13:49', NULL),
	(4, NULL, 'Ad consequuntur fugi', 'fudas@mailinator.com', NULL, '+1 (289) 276-8283', NULL, 'customer', 1, '$2y$12$urmoO7q8mSk1gNkCV/wJ/eXNXpVpB2yAmbcXT56fHHNGwQ1NEih82', NULL, '2025-05-20 21:38:33', '2025-05-20 21:38:33', NULL),
	(5, NULL, 'Delicious Restuarne', 'fekyjor@mailinator.com', NULL, '+1 (422) 902-8839', NULL, 'customer', 1, '$2y$12$/JyapiPyWXsfycSNHPg.POfaG8rmq0uv4nW5.9c7emQhZpDj9R1S.', NULL, '2025-05-20 21:40:56', '2025-05-20 21:40:56', NULL),
	(6, NULL, 'Leonard Larsen', NULL, NULL, '+1 (747) 863-9697', NULL, 'branch_admin', 1, '$2y$12$mamtOn8Mqt5qJn56kTxM3u6D8wOV0SYYUGduU9z.K6qgARd.Vn0om', NULL, '2025-05-25 16:18:48', '2025-05-25 16:18:48', NULL),
	(7, NULL, 'Illana Ryan', NULL, NULL, '01814418729', NULL, 'customer', 1, '$2y$12$qxPX.HMk6MhZOT1RsaXmh.m.egFaLfniPJwVRtCcNktEuhe4v.wXu', NULL, '2025-05-26 05:27:17', '2025-05-26 05:27:17', NULL),
	(8, NULL, 'Abdullah Al Mamoon', NULL, NULL, '01814418727', NULL, 'branch_admin', 1, '$2y$12$XHML0TYjkajfop3mT3nxtuK8WtxbtEo4VgPBySmE0pJXQItN.OQhe', NULL, '2025-05-26 05:53:34', '2025-05-26 05:53:34', 19),
	(9, NULL, 'Partner Ismail', NULL, NULL, '01814418778', NULL, 'branch_admin', 1, '$2y$12$3qp9p5EnfaRMzUAlb59ARuMV1YYh1ONQZU2/tkLLd6VNImP/mjGMC', NULL, '2025-05-26 11:02:01', '2025-05-26 11:02:01', 16),
	(10, NULL, 'Consumer', NULL, NULL, '01814418654', NULL, 'customer', 1, '$2y$12$7WVwQSkxO7Ql1KCqbVvLOuCqs.2hhkxhFdX1/QkniIr1z3HiyBWBu', NULL, '2025-05-26 12:14:12', '2025-05-26 12:14:12', 16),
	(11, NULL, 'Arfan', NULL, NULL, '01814418722', NULL, 'branch_admin', 1, '$2y$12$cg.jgukeuiwQBTalAiFFZeYOdU07YSWoIiNUR.NPS9CtIG5uIvyau', NULL, '2025-06-12 12:29:27', '2025-06-12 12:29:27', 21),
	(12, NULL, 'Your Name', NULL, NULL, '01111111111', NULL, 'customer', 1, '$2y$12$/wlVb9wkyX0Y7roV0dJhruObv.OjIxw3d671S8Tma/0SolpPMjZu2', NULL, '2025-07-02 12:39:44', '2025-07-02 12:39:44', NULL),
	(13, NULL, NULL, NULL, NULL, '01234567891', NULL, 'customer', 1, '$2y$12$QaGZUGvqwXAoHt/Bj2bN6egHDSNak43sO.WSOWouh5PgSfFPtBdRu', NULL, '2025-07-06 10:24:05', '2025-07-06 10:24:05', NULL),
	(14, NULL, 'Test', NULL, NULL, '019876543211', NULL, 'branch_admin', 1, '$2y$12$S1S.gFEi/Oxr6lfwRm/UReDj.MES9nlD.rsGZsILsmq88Wg16P.yq', NULL, '2025-07-06 12:26:46', '2025-07-06 12:26:46', 25),
	(15, NULL, NULL, NULL, NULL, '09876543210', NULL, 'customer', 1, '$2y$12$QRUrdj174hL8L7kVl9Jlc.NAoXU500U8.RzJSirDK1Kui7Z/m2gh.', NULL, '2025-07-06 15:49:29', '2025-07-06 15:49:29', NULL),
	(16, NULL, NULL, NULL, NULL, '09876543215', NULL, 'customer', 1, '$2y$12$aHTYWSwNaYhmDEremBl9u.P70zsZQ/Nf9rB9018WV4z7XrgE.TSNO', NULL, '2025-07-06 16:07:30', '2025-07-06 16:07:30', NULL),
	(17, NULL, NULL, NULL, NULL, '01814418730', NULL, 'customer', 1, '$2y$12$AWCYFR5dd6UNtOmA6g1XTOvGlmN7z7WpNE5RGgXeINhSPt6dLgeFW', NULL, '2025-07-28 06:06:35', '2025-07-28 06:06:35', NULL);

-- Dumping structure for table ghorer_menu.user_addresses
CREATE TABLE IF NOT EXISTS `user_addresses` (
  `id` bigint unsigned NOT NULL AUTO_INCREMENT,
  `user_id` bigint unsigned NOT NULL,
  `address_label` varchar(255) CHARACTER SET utf8mb4 COLLATE utf8mb4_unicode_ci NOT NULL,
  `address` text CHARACTER SET utf8mb4 COLLATE utf8mb4_unicode_ci NOT NULL,
  `latitude` decimal(10,8) DEFAULT NULL,
  `longitude` decimal(11,8) DEFAULT NULL,
  `is_default` tinyint(1) NOT NULL DEFAULT '0',
  `created_at` timestamp NULL DEFAULT NULL,
  `updated_at` timestamp NULL DEFAULT NULL,
  `deleted_at` timestamp NULL DEFAULT NULL,
  PRIMARY KEY (`id`),
  KEY `user_addresses_user_id_foreign` (`user_id`),
  CONSTRAINT `user_addresses_user_id_foreign` FOREIGN KEY (`user_id`) REFERENCES `users` (`id`) ON DELETE CASCADE
) ENGINE=InnoDB AUTO_INCREMENT=7 DEFAULT CHARSET=utf8mb4 COLLATE=utf8mb4_unicode_ci;

-- Dumping data for table ghorer_menu.user_addresses: ~5 rows (approximately)
INSERT INTO `user_addresses` (`id`, `user_id`, `address_label`, `address`, `latitude`, `longitude`, `is_default`, `created_at`, `updated_at`, `deleted_at`) VALUES
	(1, 1, 'Bangla', 'Bangas', NULL, NULL, 1, '2024-10-30 01:05:43', '2024-10-30 01:05:43', NULL),
	(2, 2, 'Hello', 'sdfgfsdg', NULL, NULL, 1, '2024-11-07 00:08:24', '2024-11-07 00:08:24', NULL),
	(3, 2, 'dhdg', 'dfghdfh', NULL, NULL, 0, '2024-11-07 01:09:08', '2024-11-07 01:09:08', NULL),
	(4, 15, 'kawla', 'asdfsdf', NULL, NULL, 1, '2025-07-06 16:06:13', '2025-07-06 16:06:13', NULL),
	(5, 16, 'test address', 'adfsdf', NULL, NULL, 1, '2025-07-06 16:07:59', '2025-07-06 16:07:59', NULL),
	(6, 17, 'test address', 'assdfsdf', NULL, NULL, 1, '2025-07-28 06:13:13', '2025-07-28 06:13:13', NULL);

/*!40103 SET TIME_ZONE=IFNULL(@OLD_TIME_ZONE, 'system') */;
/*!40101 SET SQL_MODE=IFNULL(@OLD_SQL_MODE, '') */;
/*!40014 SET FOREIGN_KEY_CHECKS=IFNULL(@OLD_FOREIGN_KEY_CHECKS, 1) */;
/*!40101 SET CHARACTER_SET_CLIENT=@OLD_CHARACTER_SET_CLIENT */;
/*!40111 SET SQL_NOTES=IFNULL(@OLD_SQL_NOTES, 1) */;
